"ID","NET_PRICE"
5946374,"$1,002.95"
5946373,"$1,002.95"
5946371,"$1,002.95"
5946370,"$1,002.95"
5946369,"$1,002.95"
5946368,"$1,002.95"
5946367,"$1,002.95"
5946362,"$1,076.40"
5946344,"$1,497.60"
5946342,"$1,497.60"
5946339,"$879.45"
5946338,"$879.45"
5946337,"$879.45"
5946336,"$879.45"
5946335,"$1,272.70"
5946334,"$1,272.70"
5946333,"$1,248.00"
5946330,"$1,950.65"
5946329,"$1,558.70"
5946327,"$1,849.25"
5946324,"$935.35"
5946321,"$772.20"
5946320,"$789.75"
5946317,"$789.75"
5946314,"$789.75"
5946312,"$772.20"
5946310,"$1,163.50"
5946309,"$1,209.65"
5946306,"$1,138.80"
5946305,"$1,138.80"
5946299,"$803.40"
5946298,"$822.25"
5946297,"$803.40"
5946295,"$750.10"
5946294,"$750.10"
5946285,"$179.40"
5946283,"$991.25"
5946282,"$632.45"
5946281,"$495.95"
5946280,"$422.50"
5946279,"$525.85"
5946278,"$472.55"
5946277,"$403.65"
5946276,"$300.30"
5946275,"$224.90"
5946274,"$1,080.95"
5946273,"$908.70"
5946272,"$1,485.25"
5946271,"$1,210.30"
5946270,"$1,485.25"
5946269,"$1,210.30"
5946268,"$1,485.25"
5946267,"$1,210.30"
5946266,"$1,373.45"
5946265,"$1,031.55"
5946264,"$2,448.55"
5946263,"$1,383.85"
5946262,"$1,271.40"
5946261,"$1,875.90"
5946260,"$1,469.00"
5946259,"$1,400.10"
5946258,"$1,951.30"
5946257,"$1,469.00"
5946256,"$1,400.10"
5946254,"$1,469.00"
5946253,"$1,400.10"
5946252,"$1,421.55"
5946251,"$1,177.80"
5946122,"$640.90"
5946121,"$507.65"
5946120,"$411.45"
5946119,"$311.35"
5946050,"$73.45"
5946021,"$406.90"
5946020,"$451.10"
5946019,"$373.75"
5946018,"$307.45"
5946017,"$291.20"
5946009,"$299.00"
5946008,"$271.70"
5946007,"$271.70"
5946006,"$196.95"
5946005,"$196.95"
5946004,"$175.50"
5946003,"$175.50"
5946002,"$192.40"
5946001,"$192.40"
5946000,"$179.40"
5945999,"$179.40"
5945998,"$169.00"
5945997,"$169.00"
5945996,"$209.30"
5945995,"$209.30"
5945994,"$204.10"
5945993,"$204.10"
5945992,"$178.75"
5945991,"$178.75"
5945990,"$137.80"
5945989,"$137.80"
5945988,"$137.80"
5945986,"$126.10"
5945985,"$121.55"
5945984,"$141.70"
5945983,"$137.80"
5945982,"$131.95"
5945981,"$130.00"
5945980,"$124.80"
5945979,"$141.70"
5945978,"$139.10"
5945977,"$136.50"
5945976,"$121.55"
5945975,"$111.15"
5945974,"$91.65"
5945973,"$136.50"
5945972,"$130.00"
5945971,"$124.80"
5945970,"$104.65"
5945969,"$91.65"
5945968,"$107.90"
5945967,"$107.90"
5945966,"$102.70"
5945964,"$87.10"
5945963,"$200.85"
5945962,"$200.85"
5945960,"$192.40"
5945959,"$148.85"
5945958,"$148.85"
5945957,"$130.00"
5945956,"$130.00"
5945955,"$130.00"
5945954,"$130.00"
5945953,"$119.60"
5945952,"$119.60"
5945951,"$163.80"
5945950,"$163.80"
5945949,"$130.00"
5945948,"$107.90"
5945947,"$98.80"
5945946,"$91.65"
5945945,"$91.65"
5945944,"$87.10"
5945943,"$388.05"
5945942,"$388.05"
5945941,"$362.05"
5945940,"$362.05"
5945939,"$305.50"
5945938,"$305.50"
5945937,"$278.20"
5945936,"$278.20"
5945935,"$278.20"
5945934,"$278.20"
5945932,"$262.60"
5945931,"$239.85"
5945930,"$239.85"
5945929,"$250.25"
5945928,"$250.25"
5945927,"$239.85"
5945926,"$239.85"
5945925,"$224.90"
5945924,"$224.90"
5945923,"$199.55"
5945922,"$184.60"
5945918,"$612.95"
5945917,"$379.60"
5945916,"$308.10"
5945915,"$319.80"
5945914,"$1,758.90"
5945913,"$994.50"
5945912,"$824.85"
5945911,"$468.65"
5945910,"$457.60"
5945909,"$388.70"
5945908,"$308.10"
5945907,"$254.80"
5945906,"$234.65"
5945905,"$273.65"
5945904,"$223.60"
5945848,"$466.05"
5945847,"$416.65"
5945846,"$317.20"
5945845,"$284.05"
5945844,"$276.25"
5945843,"$286.65"
5945842,"$244.40"
5945841,"$239.20"
5945840,"$2,975.70"
5945839,"$2,305.55"
5945838,"$1,833.00"
5945837,"$1,628.25"
5945836,"$1,082.90"
5945835,"$1,036.75"
5945834,"$1,197.95"
5945833,"$986.05"
5945832,"$822.25"
5945832,"$822.25"
5945831,"$750.10"
5945830,"$668.20"
5945825,"$111.80"
5945813,"$1,324.05"
5945812,"$1,240.85"
5945811,"$1,610.70"
5945810,"$1,409.85"
5945803,"$1,566.50"
5945802,"$611.00"
5945800,"$586.95"
5945793,"$1,479.40"
5945792,"$1,479.40"
5945791,"$1,380.60"
5945790,"$1,786.20"
5945786,"$466.05"
5945785,"$555.75"
5945784,"$438.75"
5945783,"$438.75"
5945782,"$399.10"
5945781,"$399.10"
5945780,"$1,095.25"
5945779,"$1,030.25"
5945427,"$91.00"
5944734,"$68.90"
5944621,"$63.05"
5944066,"$192.40"
5943971,"$377.65"
5943969,"$101.40"
5943636,"$1,291.55"
5943574,"$34.45"
5943557,"$191.10"
5943541,"$135.85"
5943485,"$87.10"
5943479,"$74.75"
5943437,"$61.75"
5943372,"$29.25"
5943197,"$278.20"
5943165,"$94.25"
5943162,"$105.30"
5943159,"$26.65"
5943117,"$44.85"
5943110,"$79.30"
5943099,"$118.30"
5942278,"$468.00"
5942270,"$425.10"
5941777,"$10.40"
5941771,"$13.65"
5941770,"$7.15"
5941769,"$7.80"
5941689,"$506.35"
5941688,"$505.70"
5941687,"$375.05"
5941649,"$475.15"
5941642,"$362.70"
5941641,"$370.50"
5941610,"$356.85"
5941545,"$1,430.00"
5941543,"$1,365.65"
5941525,"$23.40"
5941442,"$452.40"
5941441,"$406.90"
5941435,"$254.15"
5941433,"$269.75"
5941430,"$12.35"
5941426,"$342.55"
5941423,"$270.40"
5941331,"$219.70"
5940986,"$97.50"
5940976,"$13.65"
5940846,"$16.90"
5940618,"$75.40"
5940539,"$33.80"
5940357,"$118.95"
5940107,"$429.00"
5940084,"$5.20"
5940052,"$5.20"
5939685,"$16.90"
5939548,"$79.30"
5939547,"$39.00"
5939520,"$98.15"
5939100,"$7.15"
5938848,"$5.20"
5938836,"$5.20"
5938728,"$12.35"
5938727,"$5.20"
5938652,"$5.20"
5937423,"$3,251.95"
5937421,"$1,532.05"
5937419,"$22,328.80"
5937418,"$20,819.50"
5937417,"$19,845.15"
5937416,"$19,007.30"
5937415,"$13,963.95"
5937414,"$13,248.30"
5937413,"$12,553.45"
5937412,"$12,199.20"
5937411,"$11,345.10"
5937410,"$10,491.00"
5937409,"$9,982.05"
5937408,"$9,863.10"
5937407,"$9,232.60"
5937406,"$8,513.70"
5937405,"$8,268.00"
5937404,"$7,719.40"
5937403,"$7,077.85"
5937402,"$6,528.60"
5937401,"$6,208.80"
5937400,"$6,037.85"
5937399,"$5,286.45"
5937398,"$4,969.90"
5937397,"$4,624.75"
5937396,"$4,468.10"
5937393,"$748.15"
5937392,"$359.45"
5937391,"$250.25"
5937390,"$252.85"
5937389,"$193.05"
5937388,"$172.25"
5937387,"$179.40"
5937385,"$132.60"
5937384,"$122.20"
5937382,"$222.30"
5937380,"$8,221.20"
5937380,"$8,221.20"
5937378,"$5,522.40"
5937378,"$5,522.40"
5937375,"$2,178.80"
5937374,"$2,709.85"
5937373,"$369.85"
5937372,"$2,270.45"
5937371,"$498.55"
5937370,"$1,248.00"
5937369,"$1,168.05"
5934999,"$17.00"
5905857,"$75.40"
5834121,"$152.10"
5834119,"$40.30"
5834118,"$644.80"
5834117,"$989.95"
5834116,"$174.85"
5834115,"$4,342.00"
5834114,"$4,679.35"
5834113,"$3,107.65"
5834112,"$830.70"
5834111,"$431.60"
5834110,"$319.80"
5834109,"$1,506.05"
5834108,"$1,511.90"
5834107,"$1,272.05"
5834106,"$1,555.45"
5834105,"$926.25"
5834104,"$563.55"
5834103,"$111.80"
5834102,"$145.60"
5834101,"$117.65"
5834100,"$26,003.25"
5834099,"$21,167.90"
5834098,"$18,129.80"
5834097,"$12,781.60"
5834096,"$11,071.45"
5834095,"$10,409.75"
5834094,"$16,423.55"
5834092,"$11,978.85"
5834091,"$16,989.70"
5834090,"$12,154.35"
5834089,"$9,116.90"
5834088,"$6,007.95"
5834087,"$6,007.95"
5834086,"$3,655.60"
5834085,"$3,655.60"
5834084,"$2,995.20"
5834083,"$2,995.20"
5834082,"$5,428.15"
5834081,"$4,438.20"
5834080,"$3,571.75"
5834079,"$5,488.60"
5834078,"$5,488.60"
5834077,"$8,560.50"
5834075,"$3,550.30"
5834074,"$2,507.05"
5834073,"$2,507.05"
5834072,"$1,901.25"
5834071,"$1,901.25"
5832099,"$58.50"
5831267,"$521.30"
5829729,"$2,770.95"
5828831,"$50.70"
5828830,"$4,552.60"
5828829,"$3,673.80"
5828190,"$4,819.10"
5825144,"$822.25"
5825144,"$822.25"
5818424,"$5,004.35"
5816852,"$34,841.95"
5815519,"$5,734.95"
5815517,"$49.40"
5815516,"$31,209.75"
5815515,"$18.20"
5789524,"$303.55"
5789523,"$679.90"
5789519,"$3,937.70"
5767513,"$8,357.05"
5767512,"$8,357.05"
5767511,"$8,357.05"
5767507,"$3,631.55"
5767506,"$3,483.35"
5767505,"$5,615.35"
5767504,"$4,101.50"
5767503,"$4,451.85"
5767501,"$4,321.20"
5767500,"$5,293.60"
5767499,"$4,700.80"
5767498,"$3,997.50"
5767497,"$3,779.75"
5767496,"$4,130.10"
5767494,"$3,999.45"
5767490,"$4,101.50"
5767489,"$4,451.85"
5767488,"$5,293.60"
5767487,"$3,779.75"
5767486,"$4,130.10"
5767484,"$3,999.45"
5767482,"$3,777.15"
5767477,"$4,399.85"
5767476,"$3,235.70"
5767475,"$3,586.05"
5767473,"$3,455.40"
5767455,"$4,251.65"
5767454,"$3,087.50"
5767451,"$3,307.20"
5767450,"$6,550.70"
5767448,"$4,368.00"
5767445,"$4,148.30"
5767443,"$4,661.15"
5767442,"$4,339.40"
5767441,"$4,191.20"
5767438,"$1,042.60"
5767433,"$469.30"
5767432,"$469.30"
5767431,"$492.05"
5767430,"$469.30"
5767429,"$469.30"
5767428,"$780.65"
5767426,"$1,080.30"
5767425,"$419.25"
5767424,"$338.00"
5767423,"$791.70"
5767422,"$791.70"
5767421,"$828.10"
5767420,"$828.10"
5767410,"$15,006.55"
5767408,"$13,843.05"
5767405,"$13,524.55"
5767403,"$12,814.75"
5767397,"$11,952.20"
5767386,"$9,374.30"
5767385,"$7,182.50"
5767384,"$8,210.80"
5767383,"$9,055.80"
5767382,"$6,864.00"
5767381,"$7,892.30"
5767380,"$8,874.45"
5767379,"$7,182.50"
5767378,"$8,210.80"
5767377,"$9,055.80"
5767376,"$6,864.00"
5767375,"$7,892.30"
5767373,"$6,319.95"
5767372,"$7,348.25"
5767364,"$7,908.55"
5767363,"$5,866.90"
5767362,"$6,745.05"
5767361,"$7,590.05"
5767360,"$5,548.40"
5767359,"$6,426.55"
5767358,"$7,408.70"
5767357,"$7,268.30"
5767356,"$5,226.65"
5767355,"$6,104.80"
5767354,"$5,866.90"
5767352,"$7,590.05"
5767351,"$5,548.40"
5767350,"$6,426.55"
5767349,"$7,408.70"
5767348,"$7,268.30"
5767347,"$5,226.65"
5767346,"$6,104.80"
5767344,"$5,004.35"
5767343,"$5,882.50"
5767342,"$5,701.15"
5767341,"$4,682.60"
5767340,"$5,560.75"
5767338,"$8,525.40"
5767336,"$5,595.20"
5767335,"$6,635.85"
5767334,"$6,454.50"
5767333,"$6,314.10"
5767331,"$6,781.45"
5767330,"$4,739.80"
5767329,"$5,617.95"
5767328,"$6,462.95"
5767327,"$4,421.30"
5767326,"$5,299.45"
5767325,"$6,281.60"
5767324,"$6,141.20"
5767323,"$4,099.55"
5767321,"$5,993.00"
5767320,"$3,951.35"
5767319,"$4,739.80"
5767318,"$5,617.95"
5767317,"$6,462.95"
5767316,"$4,421.30"
5767315,"$5,299.45"
5767314,"$6,281.60"
5767313,"$6,141.20"
5767312,"$4,099.55"
5767310,"$5,993.00"
5767309,"$3,951.35"
5767308,"$3,877.25"
5767305,"$3,555.50"
5767304,"$4,433.65"
5767303,"$3,407.30"
5767302,"$5,508.75"
5767301,"$5,327.40"
5767300,"$5,187.00"
5767299,"$5,038.80"
5767296,"$226.20"
5767292,"$226.20"
5767291,"$605.80"
5767290,"$5,452.85"
5767289,"$5,134.35"
5767287,"$4,812.60"
5767286,"$4,664.40"
5767285,"$4,590.30"
5767284,"$6,735.30"
5767282,"$4,268.55"
5767281,"$7,041.45"
5767280,"$6,587.10"
5767277,"$4,120.35"
5767276,"$9.75"
5767275,"$9.10"
5767274,"$86.45"
5767272,"$73.45"
5767271,"$3,154.45"
5767270,"$3,131.05"
5767269,"$2,748.20"
5767268,"$3,077.10"
5767267,"$3,055.00"
5767266,"$2,671.50"
5767265,"$2,676.70"
5767264,"$2,653.30"
5767263,"$2,270.45"
5767262,"$2,599.35"
5767261,"$2,577.90"
5767260,"$2,193.75"
5767259,"$139.75"
5767258,"$113.10"
5767257,"$315.90"
5767256,"$1,650.35"
5767255,"$1,473.55"
5767254,"$1,142.05"
5767253,"$960.05"
5767252,"$1,576.90"
5767251,"$1,398.80"
5767250,"$1,063.40"
5767249,"$885.30"
5767248,"$5,690.75"
5767247,"$4,468.75"
5767246,"$1,246.05"
5767244,"$657.15"
5767243,"$1,480.70"
5767242,"$3,745.95"
5767241,"$2,373.80"
5767240,"$1,009.45"
5767239,"$689.65"
5767238,"$640.90"
5767237,"$1,172.60"
5767236,"$326.95"
5767235,"$919.10"
5767233,"$1,892.15"
5767232,"$1,610.70"
5767231,"$2,765.10"
5767229,"$2,993.90"
5767228,"$3,327.35"
5767227,"$3,536.00"
5767225,"$1,723.80"
5767224,"$3,712.80"
5767223,"$2,809.95"
5767222,"$2,965.30"
5767221,"$3,348.15"
5767219,"$145.60"
5767218,"$144.95"
5767217,"$571.35"
5767216,"$406.25"
5767215,"$521.30"
5767214,"$330.85"
5767213,"$330.85"
5767212,"$340.60"
5767210,"$2,083.90"
5767209,"$2,083.90"
5767208,"$2,083.90"
5767207,"$2,139.80"
5767206,"$1,793.35"
5767205,"$1,793.35"
5767204,"$1,793.35"
5767203,"$1,793.35"
5767202,"$1,793.35"
5767201,"$1,793.35"
5767200,"$1,599.00"
5767199,"$1,599.00"
5767198,"$1,599.00"
5767197,"$1,599.00"
5767196,"$1,599.00"
5767195,"$7,710.95"
5767193,"$7,710.95"
5767192,"$7,710.95"
5767191,"$7,710.95"
5767190,"$7,710.95"
5767189,"$7,710.95"
5767188,"$7,710.95"
5767187,"$7,710.95"
5767186,"$7,710.95"
5767185,"$7,710.95"
5767184,"$7,710.95"
5767183,"$7,710.95"
5767182,"$7,710.95"
5767181,"$7,710.95"
5767180,"$7,710.95"
5767179,"$7,710.95"
5767178,"$7,710.95"
5767177,"$7,710.95"
5767176,"$7,710.95"
5767175,"$7,710.95"
5767174,"$7,710.95"
5767173,"$7,710.95"
5767172,"$7,710.95"
5767171,"$7,710.95"
5767170,"$7,710.95"
5767169,"$7,710.95"
5767168,"$7,710.95"
5767167,"$7,710.95"
5767166,"$7,710.95"
5767165,"$7,710.95"
5767164,"$7,710.95"
5767163,"$7,710.95"
5767162,"$7,710.95"
5767161,"$7,710.95"
5767160,"$7,710.95"
5767159,"$7,710.95"
5767158,"$7,710.95"
5767157,"$7,710.95"
5767156,"$7,710.95"
5767155,"$7,710.95"
5767154,"$7,710.95"
5767153,"$7,710.95"
5767152,"$7,710.95"
5767151,"$6,096.35"
5767150,"$5,950.10"
5767149,"$1,455.35"
5767148,"$1,526.85"
5767147,"$1,526.85"
5767146,"$1,526.85"
5767145,"$1,526.85"
5767144,"$1,526.85"
5767143,"$1,526.85"
5767142,"$1,455.35"
5767141,"$1,455.35"
5767140,"$1,455.35"
5767139,"$1,455.35"
5767138,"$1,455.35"
5767137,"$1,455.35"
5767136,"$1,455.35"
5767135,"$1,455.35"
5767134,"$1,455.35"
5767133,"$1,455.35"
5767132,"$1,334.45"
5767131,"$1,334.45"
5767130,"$1,467.05"
5767129,"$1,467.05"
5767128,"$1,467.05"
5767127,"$1,291.55"
5767126,"$1,291.55"
5767125,"$1,467.05"
5767124,"$1,467.05"
5767123,"$7,500.35"
5767122,"$7,500.35"
5767121,"$7,500.35"
5767120,"$7,500.35"
5767119,"$7,500.35"
5767118,"$7,500.35"
5767117,"$7,812.35"
5767116,"$7,500.35"
5767115,"$7,500.35"
5767114,"$7,500.35"
5767113,"$7,812.35"
5767112,"$7,500.35"
5767111,"$7,500.35"
5767110,"$7,500.35"
5767109,"$7,500.35"
5767108,"$7,500.35"
5767107,"$7,500.35"
5767106,"$7,500.35"
5767105,"$7,500.35"
5767103,"$7,500.35"
5767102,"$7,500.35"
5767101,"$7,500.35"
5767100,"$7,500.35"
5767099,"$7,500.35"
5767098,"$7,500.35"
5767097,"$7,500.35"
5767096,"$7,812.35"
5767095,"$7,500.35"
5767093,"$7,812.35"
5767092,"$6,876.35"
5767091,"$7,812.35"
5767090,"$7,812.35"
5767089,"$7,812.35"
5767088,"$7,812.35"
5767087,"$7,812.35"
5767085,"$7,812.35"
5767084,"$5,635.50"
5767083,"$5,486.65"
5767080,"$1,254.50"
5767079,"$1,254.50"
5767078,"$1,254.50"
5767077,"$1,254.50"
5767076,"$5,753.80"
5767075,"$5,753.80"
5767074,"$5,753.80"
5767073,"$5,753.80"
5767072,"$5,753.80"
5767071,"$5,753.80"
5767067,"$1,350.05"
5767066,"$1,350.05"
5767065,"$5,753.80"
5767064,"$5,753.80"
5767059,"$1,350.05"
5767058,"$1,350.05"
5767057,"$1,350.05"
5767055,"$1,350.05"
5767054,"$5,753.80"
5767053,"$5,753.80"
5767052,"$5,753.80"
5767050,"$5,753.80"
5767047,"$1,123.85"
5767046,"$1,123.85"
5767045,"$5,753.80"
5767044,"$5,753.80"
5767040,"$1,123.85"
5767039,"$1,071.20"
5767036,"$5,753.80"
5767035,"$5,753.80"
5767034,"$5,753.80"
5767033,"$5,753.80"
5767031,"$1,071.20"
5767030,"$1,071.20"
5767029,"$5,753.80"
5767028,"$5,753.80"
5767027,"$5,753.80"
5767026,"$5,753.80"
5767025,"$5,753.80"
5767024,"$5,753.80"
5767021,"$1,071.20"
5767020,"$5,753.80"
5767018,"$1,068.60"
5767017,"$5,753.80"
5767016,"$5,753.80"
5767015,"$5,753.80"
5767014,"$5,753.80"
5767013,"$5,753.80"
5767012,"$5,753.80"
5767011,"$5,753.80"
5767010,"$5,753.80"
5767009,"$5,753.80"
5767008,"$5,753.80"
5767005,"$1,493.05"
5767004,"$5,753.80"
5767001,"$1,350.05"
5766998,"$1,123.85"
5766997,"$5,753.80"
5766994,"$1,028.30"
5766993,"$5,753.80"
5766992,"$4,941.30"
5766991,"$4,822.35"
5766990,"$3,294.85"
5766989,"$3,294.85"
5766988,"$3,294.85"
5766986,"$631.15"
5766985,"$631.15"
5766984,"$3,294.85"
5766983,"$3,294.85"
5766981,"$631.15"
5766980,"$631.15"
5766979,"$631.15"
5766976,"$3,294.85"
5766975,"$3,294.85"
5766974,"$3,294.85"
5766973,"$3,294.85"
5766971,"$633.10"
5766970,"$631.15"
5766969,"$631.15"
5766968,"$3,294.85"
5766967,"$3,294.85"
5766966,"$3,294.85"
5766965,"$3,294.85"
5766964,"$3,294.85"
5766963,"$3,294.85"
5766960,"$631.15"
5766959,"$630.50"
5766958,"$630.50"
5766957,"$630.50"
5766956,"$3,294.85"
5766955,"$3,294.85"
5766951,"$569.40"
5766950,"$569.40"
5766949,"$3,294.85"
5766948,"$3,294.85"
5766947,"$3,294.85"
5766944,"$569.40"
5766943,"$3,294.85"
5766942,"$3,294.85"
5766941,"$3,294.85"
5766938,"$568.75"
5766937,"$3,294.85"
5766936,"$3,294.85"
5766935,"$3,294.85"
5766934,"$3,294.85"
5766933,"$3,294.85"
5766932,"$3,294.85"
5766931,"$3,294.85"
5766930,"$3,294.85"
6423832,"$2,256.15"
6421840,"$1,475.50"
6375998,"$4,711.20"
6373443,"$1,092.00"
6371510,"$3,090.75"
6370904,"$2,247.70"
6370877,"$6,775.60"
6348839,"$14,676.35"
6283404,"$161.20"
6264096,"$14,999.40"
6264082,"$87.75"
6249797,"$2,256.15"
6152864,"$1,092.00"
6097774,"$458.90"
6096258,"$5,998.20"
6096252,"$5,998.20"
6096183,"$4,122.95"
6096176,"$4,122.95"
6096168,"$4,122.95"
6096129,"$2,392.00"
6096126,"$2,392.00"
6096123,"$2,392.00"
6096073,"$3,453.45"
6095999,"$5,338.45"
6095983,"$4,017.65"
6095891,"$414.70"
6095823,"$4,966.65"
6095821,"$3,832.40"
6095819,"$3,089.45"
6095818,"$2,547.35"
6095784,"$2,129.40"
6095780,"$2,129.40"
6095777,"$2,129.40"
6095673,"$2,893.15"
6095664,"$4,374.50"
6095622,"$3,069.95"
6095620,"$2,700.75"
6095555,"$2,152.80"
6095542,"$185.90"
6095378,"$5,215.60"
6095298,"$235.30"
6095279,"$83.85"
6095277,"$1,898.65"
6092451,"$428.35"
6092449,"$209.95"
6092301,"$439.40"
6092158,"$2,616.25"
6054648,"$152.10"
6054516,"$1,474.20"
6054456,"$139.75"
6043209,"$203.45"
6040789,"$1,597.70"
6040783,"$1,567.15"
6040649,"$8,448.70"
6040648,"$258.05"
5979101,"$239.20"
5977632,"$88.40"
5977275,"$14,140.75"
5947092,"$8,179.60"
5947087,"$3,179.15"
5947086,"$3,110.25"
5947085,"$3,088.80"
5947083,"$3,110.25"
5947082,"$3,038.75"
5947081,"$3,019.90"
5947080,"$2,948.40"
5947079,"$2,154.10"
5947074,"$534.95"
5947073,"$534.95"
5947072,"$413.40"
5947071,"$413.40"
5947069,"$402.35"
5947068,"$230.10"
5947067,"$242.45"
5947066,"$428.35"
5947065,"$349.70"
5947064,"$301.60"
5947063,"$211.25"
5947062,"$200.85"
5947061,"$1,080.95"
5947060,"$908.70"
5947059,"$1,485.25"
5947058,"$1,210.30"
5947057,"$1,485.25"
5947056,"$1,210.30"
5947055,"$1,485.25"
5947054,"$1,210.30"
5947053,"$1,373.45"
5947052,"$1,031.55"
5947051,"$2,448.55"
5947050,"$1,160.25"
5947049,"$1,271.40"
5947048,"$1,875.90"
5947046,"$1,400.10"
5947045,"$1,875.90"
5947044,"$1,875.90"
5947043,"$1,469.00"
5947042,"$1,469.00"
5947041,"$1,400.10"
5947040,"$1,400.10"
5947039,"$1,306.50"
5947038,"$1,177.80"
5947035,"$334.75"
5947034,"$304.20"
5947032,"$260.00"
5947031,"$260.00"
5947030,"$220.35"
5947029,"$220.35"
5947028,"$631.80"
5947027,"$581.10"
5947026,"$470.60"
5947025,"$432.25"
5947024,"$399.75"
5947023,"$367.25"
5947022,"$241.80"
5947021,"$222.30"
5947020,"$293.80"
5947019,"$413.40"
5947018,"$341.90"
5946978,"$773.50"
5946977,"$343.20"
5946976,"$2,158.65"
5946975,"$2,158.65"
5946974,"$2,158.65"
5946973,"$702.00"
5946972,"$855.40"
5946971,"$655.20"
5946970,"$655.20"
5946890,"$2,171.65"
5946886,"$1,764.75"
5946879,"$1,499.55"
5946877,"$1,450.15"
5946875,"$1,403.35"
5946869,"$1,263.60"
5946867,"$1,229.80"
5946863,"$1,167.40"
5946861,"$1,142.05"
5946859,"$1,090.05"
5946855,"$1,038.70"
5946843,"$1,756.95"
5946841,"$1,696.50"
5946839,"$1,583.40"
5946837,"$1,530.10"
5946835,"$1,472.25"
5946827,"$1,190.80"
5946825,"$1,142.05"
5946823,"$1,145.95"
5946821,"$1,108.90"
5946819,"$1,036.75"
5946817,"$997.75"
5946815,"$967.20"
5946811,"$939.90"
5946807,"$865.15"
5946805,"$841.75"
5946791,"$1,775.80"
5946789,"$1,660.75"
5946783,"$2,507.05"
5946779,"$1,317.55"
5946777,"$1,272.70"
5946773,"$1,208.35"
5946769,"$1,103.70"
5946765,"$1,029.60"
5946763,"$1,032.85"
5946761,"$1,009.45"
5946759,"$952.90"
5946757,"$930.15"
5946755,"$907.40"
5946703,"$977.60"
5946702,"$977.60"
5946701,"$977.60"
5946700,"$977.60"
5946694,"$572.65"
5946693,"$526.50"
5946692,"$572.65"
5946691,"$572.65"
5946690,"$572.65"
5946689,"$572.65"
5946682,"$773.50"
5946681,"$773.50"
5946680,"$773.50"
5946679,"$773.50"
5946678,"$773.50"
5946677,"$773.50"
5946675,"$652.60"
5946674,"$652.60"
5946673,"$652.60"
5946672,"$652.60"
5946671,"$652.60"
5946670,"$492.05"
5946669,"$492.05"
5946668,"$492.05"
5946667,"$492.05"
5946666,"$492.05"
5946665,"$492.05"
5946663,"$431.60"
5946662,"$431.60"
5946661,"$431.60"
5946660,"$431.60"
5946659,"$431.60"
5946656,"$393.90"
5946654,"$393.90"
5946653,"$773.50"
5946652,"$773.50"
5946651,"$773.50"
5946650,"$773.50"
5946649,"$773.50"
5946647,"$652.60"
5946646,"$652.60"
5946645,"$652.60"
5946644,"$652.60"
5946643,"$652.60"
5946642,"$652.60"
5946640,"$492.05"
5946639,"$492.05"
5946638,"$492.05"
5946637,"$492.05"
5946636,"$492.05"
5946635,"$431.60"
5946634,"$431.60"
5946633,"$431.60"
5946632,"$431.60"
5946631,"$431.60"
5946630,"$431.60"
5946628,"$393.90"
5946627,"$393.90"
5946626,"$393.90"
5946625,"$393.90"
5946624,"$393.90"
5946622,"$627.90"
5946620,"$627.90"
5946618,"$627.90"
5946616,"$565.50"
5946614,"$565.50"
5946612,"$565.50"
5946611,"$399.75"
5946610,"$399.75"
5946609,"$399.75"
5946607,"$467.35"
5946606,"$467.35"
5946604,"$430.95"
5946603,"$430.95"
5946602,"$326.30"
5946601,"$326.30"
5946600,"$326.30"
5946599,"$326.30"
5946598,"$326.30"
5946597,"$326.30"
5946595,"$302.25"
5946593,"$302.25"
5946591,"$302.25"
5946588,"$627.90"
5946587,"$627.90"
5946586,"$627.90"
5946585,"$627.90"
5946582,"$565.50"
5946581,"$565.50"
5946580,"$565.50"
5946579,"$565.50"
5946578,"$472.55"
5946576,"$399.75"
5946575,"$399.75"
5946574,"$399.75"
5946571,"$467.35"
5946569,"$430.95"
5946568,"$430.95"
5946566,"$326.30"
5946565,"$326.30"
5946564,"$326.30"
5946563,"$326.30"
5946562,"$326.30"
5946560,"$302.25"
5946559,"$302.25"
5946558,"$302.25"
5946557,"$302.25"
5946555,"$759.20"
5946554,"$759.20"
5946553,"$759.20"
5946552,"$759.20"
5946551,"$759.20"
5946549,"$674.05"
5946548,"$674.05"
5946547,"$674.05"
5946546,"$674.05"
5946545,"$674.05"
5946544,"$469.30"
5946543,"$469.30"
5946542,"$492.05"
5946541,"$492.05"
5946540,"$492.05"
5946538,"$399.75"
5946537,"$399.75"
5946536,"$399.75"
5946535,"$399.75"
5946534,"$399.75"
5946530,"$386.10"
5946528,"$386.10"
5946526,"$759.20"
5946525,"$759.20"
5946524,"$759.20"
5946523,"$759.20"
5946522,"$759.20"
5946521,"$674.05"
5946520,"$674.05"
5946519,"$674.05"
5946518,"$674.05"
5946517,"$674.05"
5946516,"$674.05"
5946515,"$469.30"
5946514,"$469.30"
5946513,"$469.30"
5946512,"$492.05"
5946511,"$492.05"
5946510,"$492.05"
5946509,"$399.75"
5946508,"$399.75"
5946507,"$399.75"
5946506,"$399.75"
5946505,"$399.75"
5946504,"$399.75"
5946501,"$386.10"
5946500,"$386.10"
5946499,"$377.65"
5946498,"$377.65"
5946474,"$399.75"
5946473,"$374.40"
5946472,"$463.45"
5946471,"$399.75"
5946470,"$374.40"
5946468,"$399.75"
5946467,"$374.40"
5946466,"$463.45"
5946465,"$399.75"
5946464,"$374.40"
5946463,"$440.05"
5946462,"$632.45"
5946461,"$1,177.80"
5946460,"$938.60"
5946459,"$935.35"
5946458,"$875.55"
5946457,"$732.55"
5946456,"$481.00"
5946454,"$281.45"
5946453,"$404.30"
5946452,"$361.40"
5946451,"$324.35"
5946450,"$314.60"
5946449,"$298.35"
5946448,"$291.85"
5946447,"$273.00"
5946446,"$260.65"
5946445,"$308.75"
5946442,"$314.60"
5946440,"$463.45"
5946439,"$407.55"
5946438,"$407.55"
5946437,"$463.45"
5946436,"$463.45"
5946435,"$939.90"
5946434,"$407.55"
5946433,"$407.55"
5946432,"$377.00"
5946431,"$305.50"
5946430,"$305.50"
5946429,"$377.00"
5946426,"$915.85"
5946425,"$308.10"
5946406,"$443.95"
5946404,"$377.00"
5946403,"$443.95"
5946402,"$463.45"
5946401,"$377.00"
5946400,"$377.00"
5946399,"$920.40"
5946398,"$1,121.25"
5946397,"$1,121.25"
5946396,"$1,121.25"
5946393,"$1,121.25"
5946392,"$1,121.25"
5946391,"$1,121.25"
5766555,"$4,141.15"
5766554,"$4,261.40"
5766552,"$2,869.10"
5766551,"$2,869.10"
5766550,"$2,869.10"
5766549,"$2,231.45"
5766548,"$2,231.45"
5766547,"$2,231.45"
5766546,"$2,037.75"
5766545,"$2,142.40"
5766544,"$2,142.40"
5766543,"$2,142.40"
5766542,"$1,894.10"
5766540,"$2,692.30"
5766539,"$1,774.50"
5766537,"$1,887.60"
5766536,"$1,887.60"
5766535,"$1,887.60"
5766534,"$1,515.80"
5766533,"$1,469.65"
5766530,"$1,090.05"
5766528,"$980.85"
5766526,"$823.55"
5766525,"$698.10"
5766523,"$1,741.35"
5766522,"$1,528.80"
5766521,"$967.85"
5766520,"$915.20"
5766519,"$911.95"
5766512,"$80.60"
5766511,"$178.75"
5766510,"$176.80"
5766509,"$436.15"
5766508,"$175.50"
5766507,"$428.35"
5766506,"$173.55"
5766505,"$420.55"
5766504,"$172.25"
5766503,"$412.10"
5766502,"$170.95"
5766501,"$169.00"
5766500,"$169.00"
5766499,"$436.15"
5766498,"$428.35"
5766497,"$420.55"
5766496,"$412.10"
5766495,"$8,956.35"
5766493,"$14,938.30"
5766492,"$14,938.30"
5766491,"$668.85"
5766490,"$446.55"
5766489,"$141.70"
5766488,"$130.00"
5766487,"$122.85"
5766486,"$156.65"
5766485,"$144.95"
5766482,"$6,394.05"
5766481,"$4,204.85"
5766480,"$3,518.45"
5766479,"$2,516.15"
5766478,"$2,100.80"
5766477,"$1,444.95"
5766476,"$1,565.85"
5766475,"$1,337.05"
5766474,"$1,599.65"
5766472,"$507.00"
5766471,"$1,008.80"
5766470,"$325.00"
5766469,"$180.05"
5766468,"$156.00"
5766467,"$5,086.25"
5766466,"$2,860.65"
5766465,"$1,752.40"
5766464,"$1,157.00"
5766463,"$1,255.80"
5766462,"$544.70"
5766461,"$378.30"
5766460,"$151.45"
5766458,"$108.55"
5766424,"$2,061.80"
5766423,"$2,061.80"
5766422,"$2,121.60"
5766421,"$2,121.60"
5766419,"$2,121.60"
5766418,"$2,121.60"
5766417,"$2,121.60"
5766416,"$2,121.60"
5766415,"$2,121.60"
5766414,"$2,061.80"
5766413,"$2,061.80"
5766412,"$2,061.80"
5766411,"$2,061.80"
5766410,"$2,061.80"
5766409,"$2,121.60"
5766408,"$1,152.45"
5766407,"$1,152.45"
5766406,"$1,152.45"
5766405,"$1,152.45"
5766404,"$1,152.45"
5766403,"$1,152.45"
5766402,"$1,152.45"
5766401,"$1,152.45"
5766400,"$1,152.45"
5766399,"$1,152.45"
5766398,"$720.20"
5766397,"$720.20"
5766396,"$720.20"
5766395,"$720.20"
5766394,"$720.20"
5766393,"$720.20"
5766392,"$720.20"
5766391,"$720.20"
5766390,"$761.15"
5766389,"$720.20"
5766388,"$720.20"
5766387,"$720.20"
5766386,"$720.20"
5766385,"$667.55"
5766384,"$667.55"
5766383,"$667.55"
5766382,"$667.55"
5766381,"$667.55"
5766380,"$667.55"
5766379,"$667.55"
5766378,"$667.55"
5766377,"$667.55"
5766376,"$667.55"
5766375,"$667.55"
5766374,"$667.55"
5766373,"$667.55"
5766372,"$552.50"
5766371,"$552.50"
5766370,"$552.50"
5766369,"$552.50"
5766368,"$552.50"
5766367,"$552.50"
5766363,"$552.50"
5766362,"$552.50"
5766361,"$552.50"
5766360,"$552.50"
5766359,"$552.50"
5766358,"$1,381.25"
5766357,"$993.85"
5766356,"$693.55"
5766355,"$667.55"
5766354,"$584.35"
5766349,"$2,665.00"
5766348,"$2,289.95"
5766347,"$2,568.15"
5766346,"$2,200.90"
5766344,"$3,557.45"
5766343,"$2,054.00"
5766342,"$1,748.50"
5766341,"$1,558.05"
5766340,"$1,844.05"
5766337,"$1,990.30"
5766336,"$1,498.90"
5766335,"$1,780.35"
5766332,"$1,437.15"
5766331,"$1,923.35"
5766330,"$1,713.40"
5766327,"$1,968.85"
5766326,"$1,599.65"
5766325,"$1,758.90"
5766322,"$1,918.80"
5766321,"$1,550.25"
5766320,"$1,355.90"
5766317,"$3,415.75"
5766316,"$1,912.30"
5766315,"$1,599.00"
5766314,"$1,349.40"
5766313,"$1,701.70"
5766311,"$3,281.20"
5766310,"$1,777.10"
5766309,"$1,456.00"
5766308,"$1,231.75"
5766307,"$1,566.50"
5766306,"$3,222.05"
5766305,"$3,200.60"
5766304,"$1,697.15"
5766303,"$1,370.85"
5766302,"$1,161.55"
5766301,"$1,487.20"
5766300,"$1,343.55"
5766299,"$1,186.25"
5766297,"$4,501.90"
5766296,"$2,246.40"
5766295,"$2,385.50"
5766294,"$3,069.30"
5766293,"$3,208.40"
5766291,"$4,113.85"
5766290,"$2,239.25"
5766287,"$2,210.65"
5766286,"$1,915.55"
5766285,"$1,611.35"
5766284,"$2,000.70"
5766281,"$2,044.90"
5766280,"$1,739.40"
5766279,"$1,466.40"
5766278,"$1,834.30"
5766277,"$1,967.55"
5766276,"$1,657.50"
5766275,"$1,398.80"
5766274,"$1,598.35"
5766272,"$1,441.05"
5766271,"$1,219.40"
5766270,"$1,552.20"
5766269,"$1,286.35"
5766268,"$5,564.00"
5766265,"$3,268.20"
5766264,"$2,975.70"
5766261,"$2,534.35"
5766260,"$2,092.35"
5766259,"$2,323.75"
5766258,"$3,766.10"
5766256,"$2,237.95"
5766255,"$1,806.35"
5766254,"$1,960.40"
5766253,"$1,501.50"
5766252,"$234.00"
5766251,"$222.95"
5766250,"$164.45"
5766249,"$134.55"
5766248,"$12,549.55"
5766247,"$12,442.30"
5766246,"$9,653.80"
5766245,"$9,545.90"
5766244,"$7,658.30"
5766243,"$7,549.75"
5766242,"$5,267.60"
5766241,"$5,180.50"
5766240,"$4,200.95"
5766239,"$4,115.15"
5766238,"$629.85"
5766237,"$2,843.75"
5766236,"$2,247.05"
5766235,"$1,531.40"
5766234,"$1,531.40"
5766233,"$6,082.70"
5766232,"$5,115.50"
5766231,"$5,047.90"
5766230,"$3,556.15"
5766229,"$3,570.45"
5766228,"$2,957.50"
5766227,"$2,169.70"
5766226,"$1,842.10"
5766225,"$1,355.90"
5766224,"$999.70"
5766223,"$859.95"
5766222,"$744.25"
5766221,"$447.20"
5766220,"$312.65"
5766219,"$8,308.30"
5766218,"$6,416.15"
5766217,"$5,274.10"
5766216,"$5,047.90"
5766215,"$4,289.35"
5766214,"$5,179.20"
5766213,"$3,417.05"
5766212,"$2,523.30"
5766211,"$4,121.65"
5766210,"$1,859.65"
5766209,"$12,719.85"
5766208,"$5,987.15"
5766207,"$5,044.00"
5766206,"$4,037.80"
5766202,"$4,956.90"
5766201,"$3,209.70"
5766200,"$5,286.45"
5766199,"$2,970.50"
5766198,"$2,620.80"
5766197,"$2,082.60"
5766196,"$1,749.15"
5766195,"$1,491.10"
5766194,"$1,186.90"
5766193,"$485.55"
5766192,"$172.90"
5766191,"$122.20"
5766190,"$106.60"
5766189,"$183.30"
5766188,"$153.40"
5766187,"$130.65"
5766186,"$84.50"
5766183,"$2,975.70"
5766182,"$2,305.55"
5766181,"$1,833.00"
5766180,"$1,628.25"
5766179,"$1,197.95"
5766178,"$1,082.90"
5766177,"$1,036.75"
5766176,"$986.05"
5766175,"$822.25"
5766174,"$750.10"
5766173,"$668.20"
5766172,"$1,336.40"
5766171,"$917.15"
5766170,"$742.30"
5766169,"$661.05"
5766168,"$446.55"
5766167,"$690.95"
5766166,"$4,446.00"
5766165,"$2,744.95"
5766164,"$2,029.95"
5766163,"$1,684.80"
5766162,"$1,259.05"
5766161,"$1,347.45"
5766160,"$949.00"
5766159,"$820.95"
5766158,"$688.35"
5766157,"$532.35"
5766156,"$3,414.45"
5766155,"$2,626.00"
5766154,"$3,225.95"
5766153,"$2,526.55"
5766152,"$2,130.05"
5766151,"$1,303.25"
5766150,"$1,229.80"
5766149,"$1,142.05"
5766148,"$1,429.35"
5766147,"$1,366.95"
5766146,"$1,264.90"
5766145,"$1,103.05"
5766144,"$971.10"
5766142,"$737.10"
5766141,"$672.75"
5766140,"$603.20"
5766139,"$590.20"
5766138,"$1,038.70"
5766137,"$960.05"
5766136,"$782.60"
5766135,"$689.65"
5766134,"$596.70"
5766133,"$544.05"
5766132,"$488.15"
5766131,"$478.40"
5766130,"$735.15"
5766129,"$674.05"
5766128,"$602.55"
5766127,"$523.90"
5766126,"$688.35"
5766125,"$452.40"
5766124,"$410.80"
5766123,"$531.70"
5766122,"$370.50"
5766121,"$365.30"
5766120,"$508.95"
5766119,"$423.15"
5766118,"$343.20"
5766117,"$478.40"
5766116,"$538.20"
5766115,"$330.85"
5766114,"$318.50"
5766113,"$306.15"
5766112,"$277.55"
5766111,"$219.05"
5766110,"$154.05"
5766109,"$136.50"
5766108,"$424.45"
5766107,"$728.00"
5766105,"$3,051.10"
5766101,"$6,751.55"
5766100,"$7,007.00"
5766099,"$6,493.50"
5766098,"$6,236.10"
5766097,"$5,980.00"
5766096,"$5,920.20"
5766095,"$5,237.05"
5766094,"$4,550.65"
5766093,"$3,959.15"
5766092,"$3,836.30"
5766091,"$3,240.25"
5766090,"$3,364.40"
5766089,"$2,869.75"
5766088,"$2,497.95"
5766087,"$2,176.85"
5766086,"$2,371.85"
5766085,"$2,252.25"
5766084,"$2,010.45"
5766083,"$2,130.70"
5766082,"$1,888.90"
5766081,"$1,909.70"
5766080,"$1,820.65"
5766079,"$1,730.30"
5766078,"$1,638.00"
5766077,"$1,547.00"
5766066,"$2,481.05"
5766061,"$1,561.95"
5766057,"$9,880.65"
5766056,"$6,717.75"
5766055,"$4,808.70"
5766054,"$4,187.30"
5766053,"$4,778.15"
5766052,"$4,492.15"
5766051,"$4,208.75"
5766050,"$3,859.70"
5766049,"$3,638.05"
5766048,"$2,903.55"
5766047,"$2,718.95"
5766046,"$2,558.40"
5766045,"$2,460.90"
5766044,"$2,234.70"
5766043,"$2,371.20"
5766042,"$2,267.20"
5766041,"$2,165.80"
5766040,"$2,059.85"
5766039,"$2,229.50"
5766038,"$2,145.65"
5766037,"$2,054.00"
5766036,"$1,964.95"
5766035,"$1,875.90"
5766034,"$1,992.90"
5766033,"$14,827.15"
5766032,"$11,394.50"
5766031,"$9,684.35"
5766030,"$7,973.55"
5766029,"$6,263.40"
5766028,"$8,435.70"
5766027,"$7,835.10"
5766026,"$7,235.15"
5766025,"$6,633.25"
5766024,"$6,252.35"
5766023,"$5,069.35"
5766022,"$4,583.15"
5766021,"$3,987.75"
5766020,"$3,388.45"
5766019,"$2,790.45"
5766018,"$3,025.10"
5766017,"$2,740.40"
5766016,"$2,455.70"
5766015,"$2,173.60"
5766014,"$1,890.20"
5766013,"$2,229.50"
5766012,"$2,093.65"
5766011,"$1,957.15"
5766010,"$1,821.30"
5766009,"$1,686.75"
5766008,"$6,396.00"
5766007,"$6,160.05"
5766006,"$6,162.65"
5766005,"$5,690.10"
5766004,"$5,455.45"
5766003,"$4,932.20"
5766002,"$4,401.15"
5766001,"$3,531.45"
5766000,"$2,952.30"
5765999,"$2,371.85"
5765998,"$2,226.90"
5765997,"$1,870.05"
5765996,"$1,688.70"
5765995,"$1,593.15"
5765994,"$1,435.85"
5765993,"$1,656.85"
5765992,"$1,534.00"
5765991,"$1,478.10"
5765990,"$1,421.55"
5765989,"$1,358.50"
5765988,"$1,540.50"
5765987,"$1,366.30"
5765986,"$1,249.95"
5765985,"$1,153.75"
5765984,"$1,054.95"
5765983,"$679.90"
5765982,"$596.05"
5765981,"$2,995.20"
5765980,"$2,995.20"
5765979,"$2,902.90"
5765978,"$2,902.90"
5765977,"$2,601.95"
5765976,"$2,601.95"
5765975,"$2,512.25"
5765974,"$2,512.25"
5765973,"$2,793.05"
5765972,"$2,793.05"
5765971,"$2,694.25"
5765970,"$2,694.25"
5765969,"$2,770.95"
5765968,"$2,672.80"
5765967,"$2,672.80"
5765966,"$8,418.15"
5765965,"$7,197.45"
5765964,"$6,563.05"
5765963,"$5,429.45"
5765962,"$7,835.10"
5765961,"$6,615.70"
5765960,"$5,981.30"
5765959,"$4,848.35"
5765957,"$3,100.50"
5765956,"$2,445.30"
5765955,"$2,345.20"
5765954,"$1,883.70"
5765953,"$2,128.10"
5765952,"$1,360.45"
5765951,"$1,082.90"
5765950,"$598.00"
5765949,"$448.50"
5765948,"$432.90"
5765947,"$792.35"
5765946,"$437.45"
5765945,"$375.70"
5765944,"$360.75"
5765943,"$859.95"
5765942,"$369.20"
5765941,"$283.40"
5765940,"$225.55"
5765939,"$885.95"
5765938,"$728.65"
5765937,"$646.10"
5765936,"$447.85"
5765935,"$170.95"
5765934,"$137.80"
5765933,"$94.25"
5765932,"$2,708.55"
5765928,"$24,766.30"
5765927,"$20,231.90"
5765926,"$22,765.60"
5765925,"$18,070.65"
5765923,"$16,110.90"
5765916,"$24,766.30"
5765915,"$20,231.90"
5765914,"$22,765.60"
5765913,"$18,070.65"
5765912,"$20,341.75"
5765911,"$16,110.90"
5765910,"$1,261.00"
5765909,"$1,008.80"
5765908,"$671.45"
5765907,"$573.95"
5765906,"$512.20"
5765905,"$460.20"
5765904,"$29,090.75"
5765903,"$27,322.75"
5765902,"$25,447.50"
5765901,"$20,866.30"
5765900,"$23,388.30"
5765899,"$18,638.75"
5765896,"$22,312.55"
5765895,"$17,648.80"
5765894,"$19,902.35"
5765893,"$15,711.15"
5765892,"$5,674.50"
5765890,"$5,674.50"
5765888,"$5,577.65"
5765887,"$5,577.65"
5765884,"$341.90"
5765883,"$205.40"
5765881,"$3,324.10"
5765880,"$2,224.30"
5765873,"$3,639.35"
5765870,"$3,901.95"
5765869,"$3,669.90"
5765868,"$3,335.15"
5765867,"$3,185.65"
5765866,"$3,143.40"
5765865,"$4,375.80"
5765864,"$3,285.10"
5765863,"$3,132.35"
5765862,"$6,537.70"
5765858,"$63.05"
5765857,"$4,447.30"
5765852,"$24,818.95"
5765851,"$24,818.95"
5765844,"$23,349.95"
5765843,"$22,997.65"
5765842,"$22,997.65"
5765841,"$22,410.70"
5764367,"$6,129.50"
5764366,"$3,797.95"
5764365,"$1,091.35"
5764364,"$650.65"
5764363,"$2,304.90"
5764362,"$2,027.35"
5764361,"$953.55"
5764360,"$3,673.80"
5764357,"$8,702.20"
5764356,"$8,616.40"
5764355,"$7,410.65"
5764354,"$6,521.45"
5764353,"$3,249.35"
5764352,"$6,082.05"
5764351,"$958.10"
5764350,"$568.10"
5764349,"$3,391.05"
5764345,"$6,720.35"
5764344,"$5,514.60"
5764343,"$4,648.15"
5764342,"$1,578.20"
5764341,"$2,743.00"
5764340,"$270.40"
5764339,"$536.90"
5764338,"$2,119.00"
5764334,"$5,084.30"
5764333,"$3,879.20"
5764332,"$2,962.70"
5764331,"$884.65"
5764330,"$1,666.60"
5764329,"$154.05"
5764328,"$302.90"
5764324,"$3,693.95"
5764323,"$2,545.40"
5764322,"$1,596.40"
5764321,"$1,210.95"
5764318,"$53.95"
5764316,"$29.90"
5764315,"$29.90"
5764314,"$51.35"
5764313,"$41.60"
5764312,"$52.65"
5764311,"$18.85"
5764310,"$18.85"
5764307,"$190.45"
5764306,"$116.35"
5764304,"$79.30"
5764303,"$105.30"
5764302,"$4,938.70"
5764301,"$5,904.60"
5764300,"$4,145.70"
5764299,"$1,327.95"
5764298,"$35.75"
5764297,"$35.75"
5764296,"$1,491.10"
5764295,"$1,220.05"
5764293,"$1,052.35"
5764292,"$1,052.35"
5764291,"$828.10"
5764290,"$528.45"
5764289,"$35.10"
5764288,"$37.05"
5764287,"$130.65"
5764286,"$461.50"
5764285,"$1,303.90"
5764284,"$262.60"
5764283,"$415.35"
5764282,"$540.80"
5764280,"$70.20"
5764279,"$191.10"
5764278,"$196.95"
5764277,"$229.45"
5764276,"$163.15"
5764275,"$126.10"
5764274,"$96.85"
5764273,"$56.55"
5764272,"$135.20"
5764271,"$135.20"
5764270,"$121.55"
5764269,"$503.10"
5764268,"$62.40"
5764267,"$105.30"
5764266,"$216.45"
5764265,"$66.30"
5764264,"$347.10"
5764263,"$202.80"
5764262,"$137.80"
5764261,"$50.05"
5764260,"$77.35"
5764259,"$71.50"
5764258,"$260.65"
5764257,"$81.90"
5764256,"$204.10"
5764255,"$2,651.35"
5764254,"$1,837.55"
5764253,"$89.05"
5764252,"$346.45"
5764250,"$66.95"
5764249,"$242.45"
5764248,"$122.85"
5764247,"$316.55"
5764246,"$188.50"
5764245,"$137.80"
5764244,"$401.05"
5764243,"$1,332.50"
5764242,"$319.15"
5764241,"$742.30"
5764240,"$355.55"
5764239,"$2,036.45"
5764238,"$1,332.50"
5764237,"$191.75"
5764236,"$70.85"
5764235,"$539.50"
5764234,"$1,090.70"
5764233,"$54.60"
5764232,"$601.25"
5764231,"$243.10"
5764230,"$796.90"
5764229,"$308.75"
5764228,"$199.55"
5764227,"$620.10"
5764226,"$84.50"
5764225,"$96.85"
5764223,"$41.60"
5764222,"$42.90"
5764221,"$323.70"
5764220,"$126.10"
5764219,"$182.00"
5764218,"$122.20"
5764217,"$42.90"
5764216,"$42.90"
5764215,"$110.50"
5764214,"$105.95"
5764213,"$151.45"
5764212,"$97.50"
5764211,"$51.35"
5764210,"$118.95"
5764209,"$109.20"
5764208,"$77.35"
5764207,"$79.95"
5764206,"$20.80"
5764205,"$98.80"
5764204,"$105.30"
5764203,"$61.75"
5764202,"$110.50"
5764201,"$60.45"
5764200,"$89.05"
5764199,"$94.90"
5764198,"$163.15"
5764197,"$534.95"
5764196,"$969.80"
5764195,"$213.20"
5764194,"$145.60"
5764193,"$66.95"
5764192,"$125.45"
5764191,"$73.45"
5764190,"$1,079.65"
5764189,"$476.45"
5764188,"$737.10"
5764187,"$590.20"
5764186,"$370.50"
5764185,"$56.55"
5764184,"$81.25"
5764183,"$349.70"
5764182,"$418.60"
5764181,"$325.00"
5764180,"$325.00"
5764145,"$4,709.25"
5764144,"$4,237.35"
5764107,"$1,092.00"
5764079,"$1,014.65"
5764076,"$1,021.15"
5764065,"$105.30"
5764064,"$85.80"
5764063,"$85.80"
5764062,"$85.80"
5765811,"$176.80"
5765810,"$73.45"
5765809,"$72.80"
5765806,"$837.85"
5765805,"$734.50"
5765803,"$486.85"
5765802,"$1,246.05"
5765801,"$1,176.50"
5765800,"$1,175.20"
5765799,"$1,158.95"
5765798,"$3,695.25"
5765797,"$3,381.30"
5765796,"$3,224.65"
5765795,"$2,806.05"
5765794,"$2,648.75"
5765793,"$2,281.50"
5765791,"$1,088.75"
5765790,"$871.65"
5765789,"$1,541.80"
5765788,"$680.55"
5765787,"$2,187.90"
5765786,"$1,202.50"
5765785,"$819.00"
5765784,"$909.35"
5765783,"$2,407.60"
5765782,"$1,987.70"
5765781,"$722.80"
5765780,"$653.90"
5765779,"$488.15"
5765778,"$483.60"
5765777,"$407.55"
5765776,"$408.85"
5765775,"$606.45"
5765774,"$408.85"
5765773,"$338.00"
5765772,"$1,160.25"
5765771,"$675.35"
5765770,"$477.10"
5765769,"$614.25"
5765768,"$811.20"
5765767,"$389.35"
5765766,"$811.20"
5765765,"$516.75"
5765764,"$98.80"
5765757,"$7,489.30"
5765755,"$4,917.25"
5765753,"$605.15"
5765752,"$243.10"
5765745,"$24,934.00"
5765743,"$20,595.90"
5765741,"$18,927.35"
5765733,"$16,242.20"
5765731,"$330.85"
5765730,"$269.75"
5765729,"$235.95"
5765728,"$204.75"
5765727,"$191.10"
5765726,"$174.85"
5765724,"$8,264.10"
5765723,"$5,525.00"
5765722,"$3,829.80"
5765721,"$2,921.10"
5765720,"$2,301.65"
5765719,"$1,782.95"
5765717,"$19.50"
5765716,"$187.85"
5765715,"$200.20"
5765714,"$68.90"
5765713,"$56.55"
5765712,"$83.85"
5765711,"$131.95"
5765710,"$112.45"
5765709,"$87.10"
5765708,"$77.35"
5765707,"$67.60"
5765706,"$210.60"
5765705,"$81.25"
5765704,"$76.05"
5765703,"$81.25"
5765702,"$170.95"
5765701,"$130.65"
5765700,"$97.50"
5765699,"$75.40"
5765697,"$4,447.95"
5765696,"$2,223.65"
5765695,"$1,963.65"
5765694,"$7,552.35"
5765693,"$4,219.80"
5765692,"$3,746.60"
5765691,"$3,146.65"
5765690,"$208.65"
5765689,"$9,703.20"
5765688,"$11,710.40"
5765687,"$11,710.40"
5765683,"$6,274.45"
5765681,"$8,742.50"
5765678,"$7,111.00"
5765677,"$3,932.50"
5765676,"$5,940.35"
5765675,"$5,940.35"
5765672,"$4,768.40"
5765671,"$2,810.60"
5765669,"$5,057.65"
5765665,"$2,390.70"
5765664,"$2,390.70"
5765663,"$2,390.70"
5765662,"$2,390.70"
5765661,"$644.15"
5765660,"$1,253.20"
5765659,"$42.25"
5765658,"$218.40"
5765657,"$2,594.15"
5765655,"$10,101.00"
5765654,"$7,715.50"
5765653,"$4,680.00"
5765652,"$3,838.25"
5765651,"$3,138.20"
5765650,"$2,248.35"
5765649,"$1,643.85"
5765648,"$5,296.20"
5765647,"$4,100.20"
5765646,"$2,978.30"
5765645,"$2,053.35"
5765644,"$1,729.00"
5765643,"$1,713.40"
5765642,"$1,594.45"
5765641,"$1,429.35"
5765638,"$1,906.45"
5765637,"$1,812.85"
5765636,"$767.00"
5765635,"$3,836.95"
5765634,"$2,357.55"
5765633,"$1,856.40"
5765632,"$430.30"
5765631,"$384.15"
5765630,"$193.70"
5765624,"$1,813.50"
5765623,"$1,552.20"
5765622,"$962.65"
5765621,"$674.70"
5765620,"$522.60"
5765619,"$208.65"
5765616,"$13,094.25"
5765615,"$10,531.30"
5765614,"$10,866.05"
5765613,"$8,556.60"
5765612,"$7,296.90"
5765611,"$2,254.20"
5765610,"$3,515.20"
5765579,"$17,530.50"
5765577,"$16,243.50"
5765575,"$10,673.65"
5765574,"$13,530.40"
5765573,"$12,565.80"
5765572,"$7,814.30"
5765571,"$4,884.10"
5765568,"$15,778.10"
5765567,"$11,165.05"
5765566,"$10,617.75"
5765565,"$7,425.60"
5765564,"$3,765.45"
5765563,"$2,636.40"
5765392,"$425.75"
5765391,"$484.90"
5765390,"$425.75"
5765389,"$484.90"
5765388,"$895.05"
5765387,"$390.65"
5765386,"$12,443.60"
5765380,"$545.35"
5765378,"$941.85"
5765377,"$395.20"
5765376,"$407.55"
5765375,"$216.45"
5765354,"$2,492.10"
5765353,"$2,492.10"
5765352,"$1,276.60"
5765351,"$85.80"
5765350,"$820.30"
5765349,"$781.30"
5765348,"$11.70"
5765347,"$122.20"
5765346,"$55.25"
5765345,"$722.80"
5765344,"$482.95"
5765343,"$1,170.65"
5765342,"$153.40"
5765340,"$215.15"
5765339,"$10.40"
5765337,"$330.85"
5765336,"$287.95"
5765335,"$27.95"
5765334,"$78.65"
5765333,"$450.45"
5765332,"$291.85"
5765331,"$13.65"
5765330,"$51.35"
5765329,"$382.85"
5765328,"$10.40"
5765327,"$319.80"
5765326,"$781.30"
5765325,"$53.30"
5765324,"$74.10"
5765323,"$167.05"
5765322,"$195.00"
5765321,"$154.70"
5765320,"$119.60"
5765319,"$56.55"
5765318,"$16.90"
5765317,"$119.60"
5765316,"$263.90"
5765315,"$128.05"
5765314,"$13.65"
5765313,"$304.20"
5765312,"$16.25"
5765311,"$189.80"
5765310,"$18.85"
5765309,"$59.80"
5765308,"$118.95"
5765307,"$11.70"
5765306,"$87.10"
5765305,"$11.70"
5765304,"$103.35"
5765302,"$51.35"
5765301,"$83.85"
5765300,"$72.15"
5765299,"$67.60"
5765298,"$37.05"
5765297,"$13.00"
5765296,"$11.70"
5765295,"$63.05"
5765294,"$63.05"
5765293,"$112.45"
5765292,"$11.70"
5765291,"$13.65"
5765290,"$11.70"
5765288,"$131.95"
5765287,"$24.05"
5765286,"$135.85"
5765285,"$11.05"
5765284,"$1,253.20"
5765283,"$154.70"
5765282,"$42.25"
5765281,"$25.35"
5765279,"$5,940.35"
5765278,"$5,327.40"
5765277,"$4,945.85"
5765276,"$4,670.90"
5765275,"$4,148.95"
5765274,"$3,754.40"
5765273,"$4,694.30"
5765272,"$4,370.60"
5765271,"$4,048.20"
5765270,"$3,723.85"
5765269,"$3,402.10"
5765268,"$3,078.40"
5765267,"$3,864.90"
5765266,"$3,600.35"
5765265,"$3,337.10"
5765264,"$3,068.65"
5765263,"$2,804.10"
5765262,"$2,537.60"
5765261,"$2,408.25"
5765260,"$2,244.45"
5765259,"$2,078.70"
5765258,"$1,899.95"
5765257,"$1,748.50"
5765256,"$1,582.10"
5765255,"$4,246.45"
5765254,"$5,193.50"
5765253,"$4,837.95"
5765252,"$4,480.45"
5765251,"$4,121.00"
5765250,"$3,690.05"
5765249,"$3,407.95"
5765248,"$4,167.80"
5765247,"$3,885.05"
5765246,"$3,596.45"
5765245,"$3,307.85"
5765244,"$3,020.55"
5765243,"$2,734.55"
5765242,"$2,880.80"
5765241,"$2,614.95"
5765240,"$2,422.55"
5765239,"$2,228.85"
5765238,"$2,038.40"
5765237,"$1,844.05"
5765236,"$2,295.80"
5765235,"$2,137.85"
5765234,"$1,980.55"
5765233,"$1,820.65"
5765232,"$1,652.95"
5765231,"$1,508.65"
5765229,"$5,500.95"
5765228,"$5,104.45"
5765227,"$4,695.60"
5765226,"$4,310.80"
5765225,"$3,914.30"
5765224,"$3,514.55"
5765223,"$4,464.85"
5765222,"$4,132.05"
5765221,"$3,833.70"
5765220,"$3,513.90"
5765219,"$3,172.65"
5765218,"$2,834.65"
5765217,"$3,628.95"
5765216,"$3,359.20"
5765215,"$3,094.00"
5765214,"$2,824.25"
5765213,"$2,557.10"
5765212,"$2,287.35"
5765211,"$2,158.00"
5765210,"$1,991.60"
5765209,"$1,824.55"
5765208,"$1,669.20"
5765207,"$1,491.10"
5765206,"$1,333.15"
5765205,"$354.25"
5765204,"$277.55"
5765203,"$234.00"
5765202,"$185.90"
5765201,"$606.45"
5765200,"$572.65"
5765199,"$305.50"
5765198,"$287.30"
5765197,"$191.75"
5765196,"$156.00"
5765195,"$104.00"
5765194,"$141.05"
5765193,"$149.50"
5765192,"$115.70"
5765191,"$140.40"
5765190,"$105.30"
5765189,"$345.15"
5765188,"$230.10"
5765187,"$724.10"
5765186,"$402.35"
5765185,"$245.05"
5765184,"$208.65"
5765183,"$140.40"
5765182,"$178.75"
5765181,"$189.80"
5765180,"$153.40"
5765179,"$167.05"
5765178,"$128.70"
5765177,"$134.55"
5765176,"$105.30"
5765175,"$117.00"
5765174,"$171.60"
5765173,"$155.35"
5765172,"$191.10"
5765171,"$167.05"
5765170,"$147.55"
5765169,"$119.60"
5765167,"$107.90"
5765166,"$90.35"
5765165,"$215.80"
5765164,"$186.55"
5765163,"$156.00"
5765162,"$693.55"
5765161,"$527.80"
5765160,"$326.30"
5765159,"$248.95"
5765158,"$216.45"
5765157,"$156.65"
5765156,"$521.30"
5765155,"$399.75"
5765154,"$260.65"
5765153,"$140.40"
5765152,"$131.95"
5765151,"$104.00"
5765150,"$76.05"
5765149,"$89.70"
5765148,"$76.05"
5765147,"$57.20"
5765146,"$726.05"
5765145,"$672.10"
5765144,"$421.20"
5765143,"$320.45"
5765142,"$207.35"
5765141,"$672.10"
5765140,"$514.15"
5765139,"$378.30"
5765138,"$182.00"
5765137,"$127.40"
5765136,"$101.40"
5765135,"$71.50"
5765134,"$318.50"
5765133,"$200.85"
5765132,"$126.10"
5765131,"$380.25"
5765130,"$640.25"
5765129,"$1,028.95"
5765128,"$1,028.95"
5765127,"$1,028.95"
5765126,"$1,028.95"
5765125,"$1,028.95"
5765124,"$1,028.95"
5765123,"$1,028.95"
5765122,"$2,085.20"
5765121,"$851.50"
5765120,"$851.50"
5765119,"$851.50"
5765118,"$851.50"
5765117,"$851.50"
5765116,"$835.25"
5765115,"$851.50"
5765113,"$1,721.85"
5765112,"$663.00"
5765111,"$663.00"
5765110,"$663.00"
5765109,"$663.00"
5765108,"$663.00"
5765107,"$663.00"
5765106,"$663.00"
5765105,"$663.00"
5765104,"$1,342.90"
5765103,"$539.50"
5765102,"$539.50"
5765100,"$539.50"
5765099,"$539.50"
5765098,"$539.50"
5765097,"$539.50"
5765096,"$539.50"
5765095,"$539.50"
5765094,"$539.50"
5765093,"$1,094.60"
5765092,"$455.00"
5765091,"$455.00"
5765090,"$455.00"
5765089,"$455.00"
5765088,"$455.00"
5765087,"$455.00"
5765085,"$455.00"
5765084,"$919.10"
5765083,"$378.30"
5765082,"$378.30"
5765081,"$378.30"
5765080,"$378.30"
5765079,"$378.30"
5765078,"$378.30"
5765077,"$378.30"
5765076,"$378.30"
5765075,"$378.30"
5765074,"$364.65"
5765073,"$378.30"
5765072,"$763.10"
5765071,"$6,648.20"
5765070,"$7,863.05"
5765069,"$7,863.05"
5765067,"$8,030.75"
5765066,"$6,859.45"
5765063,"$5,103.80"
5765060,"$3,932.50"
5765059,"$1,925.95"
5765057,"$3,848.65"
5765054,"$2,677.35"
5765053,"$1,474.20"
5765051,"$3,346.20"
5765048,"$2,174.90"
5765047,"$393.90"
5765046,"$356.20"
5765039,"$298.35"
5765038,"$298.35"
5765037,"$298.35"
5765036,"$298.35"
5765035,"$298.35"
5765034,"$298.35"
5765033,"$298.35"
5765032,"$298.35"
5765031,"$298.35"
5765030,"$298.35"
5765029,"$298.35"
5765028,"$2,880.80"
5765015,"$124.80"
5765014,"$222.30"
5765013,"$70.20"
5765012,"$70.20"
5765011,"$73.45"
5765010,"$57.20"
5765009,"$247.00"
5765008,"$217.75"
5765007,"$286.00"
5765006,"$286.00"
5765005,"$149.50"
5765003,"$127.40"
5765002,"$120.25"
5765001,"$105.30"
5765000,"$101.40"
5764999,"$86.45"
5764998,"$92.30"
5764997,"$86.45"
5764996,"$86.45"
5764995,"$92.30"
5764994,"$85.80"
5764993,"$90.35"
5764992,"$85.80"
5764991,"$90.35"
5764990,"$90.35"
5764989,"$90.35"
5764988,"$83.85"
5764987,"$83.85"
5764986,"$87.10"
5764985,"$87.10"
5764984,"$83.85"
5764983,"$18.20"
5764982,"$72.80"
5764981,"$27.30"
5764980,"$33.15"
5764979,"$40.30"
5764978,"$17.55"
5764977,"$57.20"
5764976,"$55.25"
5764975,"$22.75"
5764974,"$58.50"
5764970,"$50.70"
5764969,"$40.95"
5764968,"$20.80"
5764967,"$22.10"
5764966,"$29.25"
5764963,"$5,240.95"
5764956,"$4,672.85"
5764955,"$4,537.65"
5764953,"$3,220.75"
5764952,"$7,014.80"
5764951,"$6,374.55"
5764950,"$4,374.50"
5764949,"$4,646.20"
5764948,"$4,102.80"
5764945,"$7,575.75"
5764942,"$7,527.00"
5764941,"$4,102.80"
5764940,"$5,839.60"
5764939,"$5,330.65"
5764938,"$4,644.90"
5764937,"$2,326.35"
5764936,"$3,040.05"
5764935,"$290.55"
5764932,"$817.70"
5764931,"$915.20"
5764930,"$140.40"
5764929,"$69.55"
5764924,"$187.85"
5764908,"$813.80"
5764906,"$488.15"
5764905,"$221.00"
5764904,"$216.45"
5764903,"$179.40"
5764902,"$2,965.30"
5764901,"$2,575.95"
5764900,"$2,297.10"
5764897,"$971.10"
5764896,"$1,336.40"
5764895,"$1,534.00"
5764894,"$1,238.90"
5764893,"$817.05"
5764892,"$364.65"
5764891,"$333.45"
5764890,"$293.80"
5764883,"$34.45"
5764835,"$189.80"
5764834,"$92.95"
5764829,"$63.05"
5764800,"$195.00"
5764799,"$200.20"
5764798,"$20.80"
5764797,"$167.70"
5764794,"$281.45"
5764792,"$128.05"
5764790,"$20.80"
5764787,"$26.65"
5764785,"$165.75"
5764782,"$89.05"
5764775,"$20.80"
5764773,"$40.30"
5764768,"$63.05"
5764765,"$97.50"
5764764,"$34.45"
5764749,"$2,083.90"
5764747,"$421.85"
5764744,"$119.60"
5764743,"$109.20"
5764738,"$1,374.75"
5764737,"$2,310.75"
5764736,"$1,842.75"
5764735,"$1,581.45"
5764733,"$8,318.70"
5764732,"$7,751.25"
5764730,"$5,537.35"
5764729,"$2,729.35"
5764728,"$2,080.65"
5764727,"$1,195.35"
5764726,"$848.90"
5764725,"$683.80"
5764724,"$1,179.10"
5764722,"$1,881.75"
5764718,"$781.30"
5764714,"$1,079.65"
5764713,"$859.95"
5764712,"$555.10"
5764711,"$518.70"
5764710,"$426.40"
5764709,"$10,067.85"
5764708,"$7,606.30"
5764707,"$6,483.10"
5764706,"$5,579.60"
5764705,"$4,676.75"
5764704,"$4,024.80"
5764703,"$2,815.15"
5764702,"$2,586.35"
5764701,"$2,087.80"
5764700,"$1,773.20"
5764699,"$1,305.85"
5764698,"$964.60"
5764697,"$818.35"
5764696,"$696.15"
5764694,"$742.30"
5764693,"$631.15"
5764692,"$536.90"
5764691,"$456.95"
5764690,"$135.85"
5764689,"$40.30"
5764688,"$63.05"
5764687,"$135.85"
5764686,"$52.00"
5764684,"$1,264.25"
5764683,"$824.85"
5764682,"$263.90"
5764681,"$557.70"
5764680,"$394.55"
5764679,"$33.80"
5764678,"$193.05"
5764676,"$137.80"
5764674,"$18.20"
5764673,"$15.60"
5764671,"$13.65"
5764646,"$6,458.40"
5764639,"$7,312.50"
5764621,"$4,927.65"
5764615,"$5,204.55"
5764589,"$65.65"
5764588,"$330.20"
5764587,"$1,859.00"
5764586,"$1,394.25"
5764585,"$561.60"
5764584,"$418.60"
5764583,"$347.10"
5764582,"$300.30"
5764581,"$81.25"
5764580,"$417.30"
5764579,"$334.75"
5764578,"$5,672.55"
5764577,"$1,665.95"
5764576,"$1,545.70"
5764575,"$993.85"
5764574,"$703.95"
5764573,"$79.30"
5764572,"$182.65"
5764571,"$362.70"
5764570,"$282.75"
5764569,"$214.50"
5764568,"$156.65"
5764567,"$104.65"
5764566,"$99.45"
5764564,"$189.15"
5764563,"$144.30"
5764562,"$74.10"
5764561,"$65.65"
5764560,"$57.20"
5764559,"$48.75"
5764558,"$45.50"
5764557,"$50.05"
5764556,"$39.65"
5764555,"$37.70"
5764554,"$37.70"
5764553,"$35.75"
5764552,"$76.70"
5764551,"$74.10"
5764550,"$34.45"
5764549,"$72.15"
5764548,"$66.30"
5764547,"$55.90"
5764546,"$54.60"
5764545,"$45.50"
5764544,"$44.85"
5764543,"$39.65"
5764542,"$39.65"
5764541,"$35.75"
5764540,"$1,001.00"
5764539,"$1,001.00"
5764538,"$975.65"
5764537,"$895.05"
5764536,"$852.15"
5764535,"$852.15"
5764534,"$852.15"
5764533,"$2,910.70"
5764532,"$2,910.70"
5764531,"$2,325.70"
5764530,"$2,321.80"
5764529,"$2,321.80"
5764528,"$2,321.80"
5764527,"$1,909.70"
5764526,"$1,909.70"
5764525,"$1,909.70"
5764524,"$1,852.50"
5764523,"$1,677.00"
5764522,"$1,669.85"
5764521,"$1,517.75"
5764520,"$1,517.75"
5764519,"$1,517.75"
5764518,"$1,300.65"
5764517,"$1,300.65"
5764516,"$1,001.00"
5764515,"$1,001.00"
5764514,"$975.65"
5764513,"$895.05"
5764512,"$895.05"
5764511,"$852.15"
5764510,"$852.15"
5764509,"$852.15"
5764508,"$852.15"
5764507,"$852.15"
5764506,"$852.15"
5764505,"$852.15"
5764504,"$830.70"
5764503,"$830.70"
5764501,"$2,910.70"
5764500,"$2,910.70"
5764499,"$2,325.70"
5764498,"$2,321.80"
5764497,"$2,321.80"
5764496,"$1,909.70"
5764495,"$1,852.50"
5764494,"$1,677.00"
5764493,"$1,517.75"
5764492,"$1,314.95"
5764491,"$1,300.65"
5764490,"$597.35"
5764489,"$406.25"
5764488,"$404.30"
5764487,"$349.70"
5764486,"$303.55"
5764485,"$256.10"
5764484,"$194.35"
5764483,"$176.80"
5764482,"$151.45"
5764481,"$148.85"
5764480,"$884.00"
5764479,"$147.55"
5764478,"$817.05"
5764477,"$817.05"
5764475,"$754.65"
5764474,"$754.65"
5764473,"$754.65"
5764472,"$662.35"
5764471,"$147.55"
5764470,"$597.35"
5764469,"$147.55"
5764468,"$406.25"
5764465,"$352.95"
5764464,"$346.45"
5764463,"$349.70"
5764461,"$303.55"
5764460,"$326.30"
5764457,"$219.70"
5764456,"$194.35"
5764454,"$176.80"
5764453,"$180.05"
5764452,"$163.80"
5764451,"$151.45"
5764450,"$164.45"
5764449,"$149.50"
5764448,"$148.85"
5764447,"$148.85"
5764446,"$163.80"
5764444,"$147.55"
5764443,"$147.55"
5764442,"$147.55"
5764441,"$884.00"
5764440,"$817.05"
5764439,"$754.65"
5764438,"$662.35"
5764437,"$349.70"
5764436,"$349.70"
5764435,"$289.90"
5764434,"$256.10"
5764433,"$220.35"
5764432,"$172.25"
5764431,"$154.05"
5764430,"$128.05"
5764428,"$84.50"
5764427,"$70.20"
5764426,"$67.60"
5764425,"$381.55"
5764424,"$54.60"
5764423,"$349.70"
5764422,"$53.95"
5764421,"$289.90"
5764420,"$53.95"
5764419,"$319.15"
5764418,"$276.90"
5764416,"$276.90"
5764415,"$255.45"
5764414,"$232.05"
5764413,"$221.65"
5764412,"$48.75"
5764411,"$195.00"
5764410,"$172.25"
5764409,"$48.75"
5764408,"$172.25"
5764407,"$161.85"
5764406,"$148.20"
5764405,"$136.50"
5764404,"$48.75"
5764403,"$128.05"
5764402,"$109.85"
5764401,"$105.95"
5764400,"$103.35"
5764399,"$100.10"
5764398,"$93.60"
5764397,"$84.50"
5764396,"$78.65"
5764395,"$47.45"
5764394,"$74.10"
5764393,"$68.25"
5764392,"$64.35"
5764391,"$54.60"
5764390,"$53.95"
5764389,"$48.75"
5764388,"$48.75"
5764387,"$381.55"
5764386,"$47.45"
5764385,"$47.45"
5764384,"$7,424.30"
5764383,"$4,059.90"
5764382,"$1,591.85"
5764381,"$2,559.70"
5764380,"$1,045.20"
5764379,"$512.85"
5764378,"$1,136.85"
5764375,"$71.50"
5764374,"$261.95"
5764373,"$424.45"
5764371,"$8,221.20"
5764371,"$8,221.20"
5764369,"$5,522.40"
5764369,"$5,522.40"
5764368,"$9,785.10"
5766929,"$3,294.85"
5766928,"$3,294.85"
5766927,"$3,294.85"
5766926,"$3,294.85"
5766923,"$631.15"
5766922,"$3,294.85"
5766919,"$631.15"
5766918,"$631.15"
5766917,"$3,294.85"
5766916,"$4,150.25"
5766915,"$4,035.20"
5766914,"$2,600.00"
5766913,"$2,600.00"
5766909,"$507.00"
5766908,"$507.00"
5766907,"$507.00"
5766906,"$507.00"
5766905,"$507.00"
5766904,"$507.00"
5766903,"$507.00"
5766901,"$2,600.00"
5766900,"$2,600.00"
5766899,"$507.00"
5766898,"$2,600.00"
5766895,"$507.00"
5766894,"$507.00"
5766892,"$507.00"
5766891,"$2,600.00"
5766889,"$2,600.00"
5766888,"$2,600.00"
5766886,"$486.20"
5766885,"$486.20"
5766884,"$486.20"
5766883,"$2,990.00"
5766881,"$2,600.00"
5766880,"$2,600.00"
5766879,"$2,600.00"
5766876,"$486.20"
5766875,"$486.20"
5766874,"$486.20"
5766873,"$486.20"
5766872,"$2,990.00"
5766870,"$486.20"
5766869,"$2,600.00"
5766868,"$486.20"
5766866,"$486.20"
5766865,"$2,600.00"
5766864,"$486.20"
5766863,"$2,600.00"
5766861,"$467.35"
5766860,"$467.35"
5766859,"$467.35"
5766858,"$467.35"
5766857,"$2,990.00"
5766855,"$2,600.00"
5766854,"$2,600.00"
5766853,"$2,600.00"
5766850,"$467.35"
5766849,"$467.35"
5766848,"$467.35"
5766847,"$2,990.00"
5766846,"$2,600.00"
5766845,"$2,600.00"
5766844,"$2,600.00"
5766841,"$467.35"
5766839,"$2,600.00"
5766838,"$2,600.00"
5766836,"$2,600.00"
5766834,"$2,990.00"
5766833,"$2,600.00"
5766832,"$2,600.00"
5766831,"$2,600.00"
5766829,"$2,600.00"
5766828,"$2,600.00"
5766826,"$2,600.00"
5766824,"$2,600.00"
5766822,"$2,600.00"
5766821,"$3,221.40"
5766820,"$3,043.30"
5766819,"$2,674.10"
5766815,"$427.70"
5766814,"$427.70"
5766813,"$427.70"
5766812,"$427.70"
5766811,"$427.70"
5766810,"$427.70"
5766809,"$1,940.25"
5766808,"$1,940.25"
5766807,"$1,940.25"
5766806,"$2,916.55"
5766804,"$427.70"
5766803,"$427.70"
5766802,"$427.70"
5766801,"$1,940.25"
5766800,"$1,940.25"
5766799,"$1,940.25"
5766797,"$408.20"
5766796,"$408.20"
5766795,"$1,940.25"
5766794,"$1,940.25"
5766793,"$1,940.25"
5766792,"$2,674.10"
5766790,"$378.30"
5766789,"$378.30"
5766788,"$1,940.25"
5766787,"$1,940.25"
5766786,"$1,940.25"
5766784,"$378.30"
5766783,"$378.30"
5766781,"$1,940.25"
5766780,"$1,940.25"
5766778,"$1,940.25"
5766775,"$378.30"
5766774,"$1,940.25"
5766773,"$1,940.25"
5766772,"$1,940.25"
5766771,"$1,940.25"
5766770,"$1,940.25"
5766769,"$1,940.25"
5766768,"$2,852.85"
5766767,"$2,517.45"
5766766,"$1,264.90"
5766765,"$776.10"
5766764,"$1,623.05"
5766762,"$862.55"
5766761,"$884.00"
5766756,"$1,083.55"
5766754,"$700.70"
5766753,"$973.05"
5766752,"$182.65"
5766751,"$1,167.40"
5766750,"$1,560.65"
5766749,"$1,167.40"
5766747,"$924.30"
5766746,"$1,205.75"
5766745,"$967.85"
5766744,"$1,295.45"
5766743,"$1,055.60"
5766742,"$1,204.45"
5766741,"$967.85"
5766740,"$342.55"
5766739,"$573.95"
5766738,"$1,293.50"
5766737,"$954.85"
5766736,"$1,293.50"
5766735,"$954.85"
5766734,"$358.80"
5766733,"$225.55"
5766732,"$772.20"
5766731,"$2,823.60"
5766730,"$2,002.65"
5766729,"$28.60"
5766727,"$2,097.55"
5766725,"$2,002.65"
5766724,"$2,958.15"
5766723,"$2,002.65"
5766718,"$2,874.95"
5766716,"$3,545.10"
5766714,"$2,451.80"
5766713,"$2,317.90"
5766712,"$2,958.15"
5766711,"$2,002.65"
5766710,"$2,746.90"
5766709,"$3,545.10"
5766707,"$2,212.60"
5766705,"$3,011.45"
5766704,"$2,878.20"
5766702,"$3,545.10"
5766700,"$3,033.55"
5766699,"$2,451.80"
5766698,"$2,317.90"
5766697,"$2,746.90"
5766696,"$3,545.10"
5766694,"$2,212.60"
5766692,"$2,878.20"
5766690,"$3,311.75"
5766688,"$2,451.80"
5766687,"$2,212.60"
5766660,"$3,207.10"
5766658,"$1,879.15"
5766657,"$935.35"
5766656,"$935.35"
5766655,"$1,248.00"
5766654,"$1,018.55"
5766653,"$1,248.00"
5766652,"$1,018.55"
5766651,"$1,248.00"
5766650,"$1,018.55"
5766649,"$1,248.00"
5766648,"$1,018.55"
5766646,"$2,939.95"
5766645,"$3,298.75"
5766644,"$2,939.95"
5766642,"$156.00"
5766641,"$506.35"
5766640,"$480.35"
5766639,"$297.05"
5766638,"$184.60"
5766637,"$147.55"
5766636,"$390.00"
5766635,"$445.90"
5766634,"$347.10"
5766633,"$637.65"
5766632,"$151.45"
5766631,"$162.50"
5766630,"$237.25"
5766621,"$189.15"
5766619,"$665.60"
5766618,"$1,465.75"
5766617,"$1,327.30"
5766615,"$100.10"
5766614,"$814.45"
5766609,"$9,241.05"
5766608,"$8,212.10"
5766607,"$9,241.05"
5766606,"$8,212.10"
5766605,"$9,241.05"
5766604,"$8,212.10"
5766603,"$1,669.20"
5766602,"$1,077.05"
5766601,"$790.40"
5766600,"$1,302.60"
5766599,"$955.50"
5766598,"$50.05"
5766597,"$1,654.25"
5766596,"$1,550.90"
5766595,"$1,153.75"
5766594,"$1,056.25"
5766593,"$1,006.85"
5766592,"$1,006.85"
5766591,"$1,015.30"
5766590,"$115.05"
5766588,"$70.20"
5766587,"$63.05"
5766586,"$191.10"
5766585,"$4,637.75"
5766584,"$4,916.60"
5766583,"$3,355.30"
5766582,"$2,760.55"
5766581,"$2,263.30"
5766580,"$3,495.70"
5766576,"$3,836.30"
5766575,"$3,888.30"
5766574,"$4,037.80"
5766572,"$2,068.95"
5766571,"$2,218.45"
5766570,"$2,349.10"
5766569,"$5,062.20"
5766568,"$6,425.25"
5766567,"$6,957.60"
5766566,"$10,329.80"
5766565,"$12,518.35"
5766564,"$19,030.05"
5766563,"$18,471.70"
5766562,"$3,322.80"
5766561,"$4,356.95"
5766560,"$4,537.00"
5766559,"$6,522.10"
5766558,"$6,401.20"
5766557,"$5,107.70"
