"ID","LIST_PRICE"
5946374,"$1,543.00"
5946373,"$1,543.00"
5946371,"$1,543.00"
5946370,"$1,543.00"
5946369,"$1,543.00"
5946368,"$1,543.00"
5946367,"$1,543.00"
5946362,"$1,656.00"
5946344,"$2,304.00"
5946342,"$2,304.00"
5946339,"$1,353.00"
5946338,"$1,353.00"
5946337,"$1,353.00"
5946336,"$1,353.00"
5946335,"$1,958.00"
5946334,"$1,958.00"
5946333,"$1,920.00"
5946330,"$3,001.00"
5946329,"$2,398.00"
5946327,"$2,845.00"
5946324,"$1,439.00"
5946321,"$1,188.00"
5946320,"$1,215.00"
5946317,"$1,215.00"
5946314,"$1,215.00"
5946312,"$1,188.00"
5946310,"$1,790.00"
5946309,"$1,861.00"
5946306,"$1,752.00"
5946305,"$1,752.00"
5946299,"$1,236.00"
5946298,"$1,265.00"
5946297,"$1,236.00"
5946295,"$1,154.00"
5946294,"$1,154.00"
5946285,"$276.00"
5946283,"$1,525.00"
5946282,"$973.00"
5946281,"$763.00"
5946280,"$650.00"
5946279,"$809.00"
5946278,"$727.00"
5946277,"$621.00"
5946276,"$462.00"
5946275,"$346.00"
5946274,"$1,663.00"
5946273,"$1,398.00"
5946272,"$2,285.00"
5946271,"$1,862.00"
5946270,"$2,285.00"
5946269,"$1,862.00"
5946268,"$2,285.00"
5946267,"$1,862.00"
5946266,"$2,113.00"
5946265,"$1,587.00"
5946264,"$3,767.00"
5946263,"$2,129.00"
5946262,"$1,956.00"
5946261,"$2,886.00"
5946260,"$2,260.00"
5946259,"$2,154.00"
5946258,"$3,002.00"
5946257,"$2,260.00"
5946256,"$2,154.00"
5946254,"$2,260.00"
5946253,"$2,154.00"
5946252,"$2,187.00"
5946251,"$1,812.00"
5946122,"$986.00"
5946121,"$781.00"
5946120,"$633.00"
5946119,"$479.00"
5946050,"$113.00"
5946021,"$626.00"
5946020,"$694.00"
5946019,"$575.00"
5946018,"$473.00"
5946017,"$448.00"
5946009,"$460.00"
5946008,"$418.00"
5946007,"$418.00"
5946006,"$303.00"
5946005,"$303.00"
5946004,"$270.00"
5946003,"$270.00"
5946002,"$296.00"
5946001,"$296.00"
5946000,"$276.00"
5945999,"$276.00"
5945998,"$260.00"
5945997,"$260.00"
5945996,"$322.00"
5945995,"$322.00"
5945994,"$314.00"
5945993,"$314.00"
5945992,"$275.00"
5945991,"$275.00"
5945990,"$212.00"
5945989,"$212.00"
5945988,"$212.00"
5945986,"$194.00"
5945985,"$187.00"
5945984,"$218.00"
5945983,"$212.00"
5945982,"$203.00"
5945981,"$200.00"
5945980,"$192.00"
5945979,"$218.00"
5945978,"$214.00"
5945977,"$210.00"
5945976,"$187.00"
5945975,"$171.00"
5945974,"$141.00"
5945973,"$210.00"
5945972,"$200.00"
5945971,"$192.00"
5945970,"$161.00"
5945969,"$141.00"
5945968,"$166.00"
5945967,"$166.00"
5945966,"$158.00"
5945964,"$134.00"
5945963,"$309.00"
5945962,"$309.00"
5945960,"$296.00"
5945959,"$229.00"
5945958,"$229.00"
5945957,"$200.00"
5945956,"$200.00"
5945955,"$200.00"
5945954,"$200.00"
5945953,"$184.00"
5945952,"$184.00"
5945951,"$252.00"
5945950,"$252.00"
5945949,"$200.00"
5945948,"$166.00"
5945947,"$152.00"
5945946,"$141.00"
5945945,"$141.00"
5945944,"$134.00"
5945943,"$597.00"
5945942,"$597.00"
5945941,"$557.00"
5945940,"$557.00"
5945939,"$470.00"
5945938,"$470.00"
5945937,"$428.00"
5945936,"$428.00"
5945935,"$428.00"
5945934,"$428.00"
5945932,"$404.00"
5945931,"$369.00"
5945930,"$369.00"
5945929,"$385.00"
5945928,"$385.00"
5945927,"$369.00"
5945926,"$369.00"
5945925,"$346.00"
5945924,"$346.00"
5945923,"$307.00"
5945922,"$284.00"
5945918,"$943.00"
5945917,"$584.00"
5945916,"$474.00"
5945915,"$492.00"
5945914,"$2,706.00"
5945913,"$1,530.00"
5945912,"$1,269.00"
5945911,"$721.00"
5945910,"$704.00"
5945909,"$598.00"
5945908,"$474.00"
5945907,"$392.00"
5945906,"$361.00"
5945905,"$421.00"
5945904,"$344.00"
5945848,"$717.00"
5945847,"$641.00"
5945846,"$488.00"
5945845,"$437.00"
5945844,"$425.00"
5945843,"$441.00"
5945842,"$376.00"
5945841,"$368.00"
5945840,"$4,578.00"
5945839,"$3,547.00"
5945838,"$2,820.00"
5945837,"$2,505.00"
5945836,"$1,666.00"
5945835,"$1,595.00"
5945834,"$1,843.00"
5945833,"$1,517.00"
5945832,"$1,265.00"
5945832,"$1,265.00"
5945831,"$1,154.00"
5945830,"$1,028.00"
5945825,"$172.00"
5945813,"$2,037.00"
5945812,"$1,909.00"
5945811,"$2,478.00"
5945810,"$2,169.00"
5945803,"$2,410.00"
5945802,"$940.00"
5945800,"$903.00"
5945793,"$2,276.00"
5945792,"$2,276.00"
5945791,"$2,124.00"
5945790,"$2,748.00"
5945786,"$717.00"
5945785,"$855.00"
5945784,"$675.00"
5945783,"$675.00"
5945782,"$614.00"
5945781,"$614.00"
5945780,"$1,685.00"
5945779,"$1,585.00"
5945427,"$140.00"
5944734,"$106.00"
5944621,"$97.00"
5944066,"$296.00"
5943971,"$581.00"
5943969,"$156.00"
5943636,"$1,987.00"
5943574,"$53.00"
5943557,"$294.00"
5943541,"$209.00"
5943485,"$134.00"
5943479,"$115.00"
5943437,"$95.00"
5943372,"$45.00"
5943197,"$428.00"
5943165,"$145.00"
5943162,"$162.00"
5943159,"$41.00"
5943117,"$69.00"
5943110,"$122.00"
5943099,"$182.00"
5942278,"$720.00"
5942270,"$654.00"
5941777,"$16.00"
5941771,"$21.00"
5941770,"$11.00"
5941769,"$12.00"
5941689,"$779.00"
5941688,"$778.00"
5941687,"$577.00"
5941649,"$731.00"
5941642,"$558.00"
5941641,"$570.00"
5941610,"$549.00"
5941545,"$2,200.00"
5941543,"$2,101.00"
5941525,"$36.00"
5941442,"$696.00"
5941441,"$626.00"
5941435,"$391.00"
5941433,"$415.00"
5941430,"$19.00"
5941426,"$527.00"
5941423,"$416.00"
5941331,"$338.00"
5940986,"$150.00"
5940976,"$21.00"
5940846,"$26.00"
5940618,"$116.00"
5940539,"$52.00"
5940357,"$183.00"
5940107,"$660.00"
5940084,"$8.00"
5940052,"$8.00"
5939685,"$26.00"
5939548,"$122.00"
5939547,"$60.00"
5939520,"$151.00"
5939100,"$11.00"
5938848,"$8.00"
5938836,"$8.00"
5938728,"$19.00"
5938727,"$8.00"
5938652,"$8.00"
5937423,"$5,003.00"
5937421,"$2,357.00"
5937419,"$34,352.00"
5937418,"$32,030.00"
5937417,"$30,531.00"
5937416,"$29,242.00"
5937415,"$21,483.00"
5937414,"$20,382.00"
5937413,"$19,313.00"
5937412,"$18,768.00"
5937411,"$17,454.00"
5937410,"$16,140.00"
5937409,"$15,357.00"
5937408,"$15,174.00"
5937407,"$14,204.00"
5937406,"$13,098.00"
5937405,"$12,720.00"
5937404,"$11,876.00"
5937403,"$10,889.00"
5937402,"$10,044.00"
5937401,"$9,552.00"
5937400,"$9,289.00"
5937399,"$8,133.00"
5937398,"$7,646.00"
5937397,"$7,115.00"
5937396,"$6,874.00"
5937393,"$1,151.00"
5937392,"$553.00"
5937391,"$385.00"
5937390,"$389.00"
5937389,"$297.00"
5937388,"$265.00"
5937387,"$276.00"
5937385,"$204.00"
5937384,"$188.00"
5937382,"$342.00"
5937380,"$12,648.00"
5937380,"$12,648.00"
5937378,"$8,496.00"
5937378,"$8,496.00"
5937375,"$3,352.00"
5937374,"$4,169.00"
5937373,"$569.00"
5937372,"$3,493.00"
5937371,"$767.00"
5937370,"$1,920.00"
5937369,"$1,797.00"
5934999,"$34.00"
5905857,"$116.00"
5834121,"$234.00"
5834119,"$62.00"
5834118,"$992.00"
5834117,"$1,523.00"
5834116,"$269.00"
5834115,"$6,680.00"
5834114,"$7,199.00"
5834113,"$4,781.00"
5834112,"$1,278.00"
5834111,"$664.00"
5834110,"$492.00"
5834109,"$2,317.00"
5834108,"$2,326.00"
5834107,"$1,957.00"
5834106,"$2,393.00"
5834105,"$1,425.00"
5834104,"$867.00"
5834103,"$172.00"
5834102,"$224.00"
5834101,"$181.00"
5834100,"$40,005.00"
5834099,"$32,566.00"
5834098,"$27,892.00"
5834097,"$19,664.00"
5834096,"$17,033.00"
5834095,"$16,015.00"
5834094,"$25,267.00"
5834092,"$18,429.00"
5834091,"$26,138.00"
5834090,"$18,699.00"
5834089,"$14,026.00"
5834088,"$9,243.00"
5834087,"$9,243.00"
5834086,"$5,624.00"
5834085,"$5,624.00"
5834084,"$4,608.00"
5834083,"$4,608.00"
5834082,"$8,351.00"
5834081,"$6,828.00"
5834080,"$5,495.00"
5834079,"$8,444.00"
5834078,"$8,444.00"
5834077,"$13,170.00"
5834075,"$5,462.00"
5834074,"$3,857.00"
5834073,"$3,857.00"
5834072,"$2,925.00"
5834071,"$2,925.00"
5832099,"$90.00"
5831267,"$802.00"
5829729,"$4,263.00"
5828831,"$78.00"
5828830,"$7,004.00"
5828829,"$5,652.00"
5828190,"$7,414.00"
5825144,"$1,265.00"
5825144,"$1,265.00"
5818424,"$7,699.00"
5816852,"$53,603.00"
5815519,"$8,823.00"
5815517,"$76.00"
5815516,"$48,015.00"
5815515,"$28.00"
5789524,"$467.00"
5789523,"$1,046.00"
5789519,"$6,058.00"
5767513,"$12,857.00"
5767512,"$12,857.00"
5767511,"$12,857.00"
5767507,"$5,587.00"
5767506,"$5,359.00"
5767505,"$8,639.00"
5767504,"$6,310.00"
5767503,"$6,849.00"
5767501,"$6,648.00"
5767500,"$8,144.00"
5767499,"$7,232.00"
5767498,"$6,150.00"
5767497,"$5,815.00"
5767496,"$6,354.00"
5767494,"$6,153.00"
5767490,"$6,310.00"
5767489,"$6,849.00"
5767488,"$8,144.00"
5767487,"$5,815.00"
5767486,"$6,354.00"
5767484,"$6,153.00"
5767482,"$5,811.00"
5767477,"$6,769.00"
5767476,"$4,978.00"
5767475,"$5,517.00"
5767473,"$5,316.00"
5767455,"$6,541.00"
5767454,"$4,750.00"
5767451,"$5,088.00"
5767450,"$10,078.00"
5767448,"$6,720.00"
5767445,"$6,382.00"
5767443,"$7,171.00"
5767442,"$6,676.00"
5767441,"$6,448.00"
5767438,"$1,604.00"
5767433,"$722.00"
5767432,"$722.00"
5767431,"$757.00"
5767430,"$722.00"
5767429,"$722.00"
5767428,"$1,201.00"
5767426,"$1,662.00"
5767425,"$645.00"
5767424,"$520.00"
5767423,"$1,218.00"
5767422,"$1,218.00"
5767421,"$1,274.00"
5767420,"$1,274.00"
5767410,"$23,087.00"
5767408,"$21,297.00"
5767405,"$20,807.00"
5767403,"$19,715.00"
5767397,"$18,388.00"
5767386,"$14,422.00"
5767385,"$11,050.00"
5767384,"$12,632.00"
5767383,"$13,932.00"
5767382,"$10,560.00"
5767381,"$12,142.00"
5767380,"$13,653.00"
5767379,"$11,050.00"
5767378,"$12,632.00"
5767377,"$13,932.00"
5767376,"$10,560.00"
5767375,"$12,142.00"
5767373,"$9,723.00"
5767372,"$11,305.00"
5767364,"$12,167.00"
5767363,"$9,026.00"
5767362,"$10,377.00"
5767361,"$11,677.00"
5767360,"$8,536.00"
5767359,"$9,887.00"
5767358,"$11,398.00"
5767357,"$11,182.00"
5767356,"$8,041.00"
5767355,"$9,392.00"
5767354,"$9,026.00"
5767352,"$11,677.00"
5767351,"$8,536.00"
5767350,"$9,887.00"
5767349,"$11,398.00"
5767348,"$11,182.00"
5767347,"$8,041.00"
5767346,"$9,392.00"
5767344,"$7,699.00"
5767343,"$9,050.00"
5767342,"$8,771.00"
5767341,"$7,204.00"
5767340,"$8,555.00"
5767338,"$13,116.00"
5767336,"$8,608.00"
5767335,"$10,209.00"
5767334,"$9,930.00"
5767333,"$9,714.00"
5767331,"$10,433.00"
5767330,"$7,292.00"
5767329,"$8,643.00"
5767328,"$9,943.00"
5767327,"$6,802.00"
5767326,"$8,153.00"
5767325,"$9,664.00"
5767324,"$9,448.00"
5767323,"$6,307.00"
5767321,"$9,220.00"
5767320,"$6,079.00"
5767319,"$7,292.00"
5767318,"$8,643.00"
5767317,"$9,943.00"
5767316,"$6,802.00"
5767315,"$8,153.00"
5767314,"$9,664.00"
5767313,"$9,448.00"
5767312,"$6,307.00"
5767310,"$9,220.00"
5767309,"$6,079.00"
5767308,"$5,965.00"
5767305,"$5,470.00"
5767304,"$6,821.00"
5767303,"$5,242.00"
5767302,"$8,475.00"
5767301,"$8,196.00"
5767300,"$7,980.00"
5767299,"$7,752.00"
5767296,"$348.00"
5767292,"$348.00"
5767291,"$932.00"
5767290,"$8,389.00"
5767289,"$7,899.00"
5767287,"$7,404.00"
5767286,"$7,176.00"
5767285,"$7,062.00"
5767284,"$10,362.00"
5767282,"$6,567.00"
5767281,"$10,833.00"
5767280,"$10,134.00"
5767277,"$6,339.00"
5767276,"$15.00"
5767275,"$14.00"
5767274,"$133.00"
5767272,"$113.00"
5767271,"$4,853.00"
5767270,"$4,817.00"
5767269,"$4,228.00"
5767268,"$4,734.00"
5767267,"$4,700.00"
5767266,"$4,110.00"
5767265,"$4,118.00"
5767264,"$4,082.00"
5767263,"$3,493.00"
5767262,"$3,999.00"
5767261,"$3,966.00"
5767260,"$3,375.00"
5767259,"$215.00"
5767258,"$174.00"
5767257,"$486.00"
5767256,"$2,539.00"
5767255,"$2,267.00"
5767254,"$1,757.00"
5767253,"$1,477.00"
5767252,"$2,426.00"
5767251,"$2,152.00"
5767250,"$1,636.00"
5767249,"$1,362.00"
5767248,"$8,755.00"
5767247,"$6,875.00"
5767246,"$1,917.00"
5767244,"$1,011.00"
5767243,"$2,278.00"
5767242,"$5,763.00"
5767241,"$3,652.00"
5767240,"$1,553.00"
5767239,"$1,061.00"
5767238,"$986.00"
5767237,"$1,804.00"
5767236,"$503.00"
5767235,"$1,414.00"
5767233,"$2,911.00"
5767232,"$2,478.00"
5767231,"$4,254.00"
5767229,"$4,606.00"
5767228,"$5,119.00"
5767227,"$5,440.00"
5767225,"$2,652.00"
5767224,"$5,712.00"
5767223,"$4,323.00"
5767222,"$4,562.00"
5767221,"$5,151.00"
5767219,"$224.00"
5767218,"$223.00"
5767217,"$879.00"
5767216,"$625.00"
5767215,"$802.00"
5767214,"$509.00"
5767213,"$509.00"
5767212,"$524.00"
5767210,"$3,206.00"
5767209,"$3,206.00"
5767208,"$3,206.00"
5767207,"$3,292.00"
5767206,"$2,759.00"
5767205,"$2,759.00"
5767204,"$2,759.00"
5767203,"$2,759.00"
5767202,"$2,759.00"
5767201,"$2,759.00"
5767200,"$2,460.00"
5767199,"$2,460.00"
5767198,"$2,460.00"
5767197,"$2,460.00"
5767196,"$2,460.00"
5767195,"$11,863.00"
5767193,"$11,863.00"
5767192,"$11,863.00"
5767191,"$11,863.00"
5767190,"$11,863.00"
5767189,"$11,863.00"
5767188,"$11,863.00"
5767187,"$11,863.00"
5767186,"$11,863.00"
5767185,"$11,863.00"
5767184,"$11,863.00"
5767183,"$11,863.00"
5767182,"$11,863.00"
5767181,"$11,863.00"
5767180,"$11,863.00"
5767179,"$11,863.00"
5767178,"$11,863.00"
5767177,"$11,863.00"
5767176,"$11,863.00"
5767175,"$11,863.00"
5767174,"$11,863.00"
5767173,"$11,863.00"
5767172,"$11,863.00"
5767171,"$11,863.00"
5767170,"$11,863.00"
5767169,"$11,863.00"
5767168,"$11,863.00"
5767167,"$11,863.00"
5767166,"$11,863.00"
5767165,"$11,863.00"
5767164,"$11,863.00"
5767163,"$11,863.00"
5767162,"$11,863.00"
5767161,"$11,863.00"
5767160,"$11,863.00"
5767159,"$11,863.00"
5767158,"$11,863.00"
5767157,"$11,863.00"
5767156,"$11,863.00"
5767155,"$11,863.00"
5767154,"$11,863.00"
5767153,"$11,863.00"
5767152,"$11,863.00"
5767151,"$9,379.00"
5767150,"$9,154.00"
5767149,"$2,239.00"
5767148,"$2,349.00"
5767147,"$2,349.00"
5767146,"$2,349.00"
5767145,"$2,349.00"
5767144,"$2,349.00"
5767143,"$2,349.00"
5767142,"$2,239.00"
5767141,"$2,239.00"
5767140,"$2,239.00"
5767139,"$2,239.00"
5767138,"$2,239.00"
5767137,"$2,239.00"
5767136,"$2,239.00"
5767135,"$2,239.00"
5767134,"$2,239.00"
5767133,"$2,239.00"
5767132,"$2,053.00"
5767131,"$2,053.00"
5767130,"$2,257.00"
5767129,"$2,257.00"
5767128,"$2,257.00"
5767127,"$1,987.00"
5767126,"$1,987.00"
5767125,"$2,257.00"
5767124,"$2,257.00"
5767123,"$11,539.00"
5767122,"$11,539.00"
5767121,"$11,539.00"
5767120,"$11,539.00"
5767119,"$11,539.00"
5767118,"$11,539.00"
5767117,"$12,019.00"
5767116,"$11,539.00"
5767115,"$11,539.00"
5767114,"$11,539.00"
5767113,"$12,019.00"
5767112,"$11,539.00"
5767111,"$11,539.00"
5767110,"$11,539.00"
5767109,"$11,539.00"
5767108,"$11,539.00"
5767107,"$11,539.00"
5767106,"$11,539.00"
5767105,"$11,539.00"
5767103,"$11,539.00"
5767102,"$11,539.00"
5767101,"$11,539.00"
5767100,"$11,539.00"
5767099,"$11,539.00"
5767098,"$11,539.00"
5767097,"$11,539.00"
5767096,"$12,019.00"
5767095,"$11,539.00"
5767093,"$12,019.00"
5767092,"$10,579.00"
5767091,"$12,019.00"
5767090,"$12,019.00"
5767089,"$12,019.00"
5767088,"$12,019.00"
5767087,"$12,019.00"
5767085,"$12,019.00"
5767084,"$8,670.00"
5767083,"$8,441.00"
5767080,"$1,930.00"
5767079,"$1,930.00"
5767078,"$1,930.00"
5767077,"$1,930.00"
5767076,"$8,852.00"
5767075,"$8,852.00"
5767074,"$8,852.00"
5767073,"$8,852.00"
5767072,"$8,852.00"
5767071,"$8,852.00"
5767067,"$2,077.00"
5767066,"$2,077.00"
5767065,"$8,852.00"
5767064,"$8,852.00"
5767059,"$2,077.00"
5767058,"$2,077.00"
5767057,"$2,077.00"
5767055,"$2,077.00"
5767054,"$8,852.00"
5767053,"$8,852.00"
5767052,"$8,852.00"
5767050,"$8,852.00"
5767047,"$1,729.00"
5767046,"$1,729.00"
5767045,"$8,852.00"
5767044,"$8,852.00"
5767040,"$1,729.00"
5767039,"$1,648.00"
5767036,"$8,852.00"
5767035,"$8,852.00"
5767034,"$8,852.00"
5767033,"$8,852.00"
5767031,"$1,648.00"
5767030,"$1,648.00"
5767029,"$8,852.00"
5767028,"$8,852.00"
5767027,"$8,852.00"
5767026,"$8,852.00"
5767025,"$8,852.00"
5767024,"$8,852.00"
5767021,"$1,648.00"
5767020,"$8,852.00"
5767018,"$1,644.00"
5767017,"$8,852.00"
5767016,"$8,852.00"
5767015,"$8,852.00"
5767014,"$8,852.00"
5767013,"$8,852.00"
5767012,"$8,852.00"
5767011,"$8,852.00"
5767010,"$8,852.00"
5767009,"$8,852.00"
5767008,"$8,852.00"
5767005,"$2,297.00"
5767004,"$8,852.00"
5767001,"$2,077.00"
5766998,"$1,729.00"
5766997,"$8,852.00"
5766994,"$1,582.00"
5766993,"$8,852.00"
5766992,"$7,602.00"
5766991,"$7,419.00"
5766990,"$5,069.00"
5766989,"$5,069.00"
5766988,"$5,069.00"
5766986,"$971.00"
5766985,"$971.00"
5766984,"$5,069.00"
5766983,"$5,069.00"
5766981,"$971.00"
5766980,"$971.00"
5766979,"$971.00"
5766976,"$5,069.00"
5766975,"$5,069.00"
5766974,"$5,069.00"
5766973,"$5,069.00"
5766971,"$974.00"
5766970,"$971.00"
5766969,"$971.00"
5766968,"$5,069.00"
5766967,"$5,069.00"
5766966,"$5,069.00"
5766965,"$5,069.00"
5766964,"$5,069.00"
5766963,"$5,069.00"
5766960,"$971.00"
5766959,"$970.00"
5766958,"$970.00"
5766957,"$970.00"
5766956,"$5,069.00"
5766955,"$5,069.00"
5766951,"$876.00"
5766950,"$876.00"
5766949,"$5,069.00"
5766948,"$5,069.00"
5766947,"$5,069.00"
5766944,"$876.00"
5766943,"$5,069.00"
5766942,"$5,069.00"
5766941,"$5,069.00"
5766938,"$875.00"
5766937,"$5,069.00"
5766936,"$5,069.00"
5766935,"$5,069.00"
5766934,"$5,069.00"
5766933,"$5,069.00"
5766932,"$5,069.00"
5766931,"$5,069.00"
5766930,"$5,069.00"
6423832,"$3,471.00"
6421840,"$2,270.00"
6375998,"$7,248.00"
6373443,"$1,680.00"
6371510,"$4,755.00"
6370904,"$3,458.00"
6370877,"$10,424.00"
6348839,"$22,579.00"
6283404,"$248.00"
6264096,"$23,076.00"
6264082,"$135.00"
6249797,"$3,471.00"
6152864,"$1,680.00"
6097774,"$706.00"
6096258,"$9,228.00"
6096252,"$9,228.00"
6096183,"$6,343.00"
6096176,"$6,343.00"
6096168,"$6,343.00"
6096129,"$3,680.00"
6096126,"$3,680.00"
6096123,"$3,680.00"
6096073,"$5,313.00"
6095999,"$8,213.00"
6095983,"$6,181.00"
6095891,"$638.00"
6095823,"$7,641.00"
6095821,"$5,896.00"
6095819,"$4,753.00"
6095818,"$3,919.00"
6095784,"$3,276.00"
6095780,"$3,276.00"
6095777,"$3,276.00"
6095673,"$4,451.00"
6095664,"$6,730.00"
6095622,"$4,723.00"
6095620,"$4,155.00"
6095555,"$3,312.00"
6095542,"$286.00"
6095378,"$8,024.00"
6095298,"$362.00"
6095279,"$129.00"
6095277,"$2,921.00"
6092451,"$659.00"
6092449,"$323.00"
6092301,"$676.00"
6092158,"$4,025.00"
6054648,"$234.00"
6054516,"$2,268.00"
6054456,"$215.00"
6043209,"$313.00"
6040789,"$2,458.00"
6040783,"$2,411.00"
6040649,"$12,998.00"
6040648,"$397.00"
5979101,"$368.00"
5977632,"$136.00"
5977275,"$21,755.00"
5947092,"$12,584.00"
5947087,"$4,891.00"
5947086,"$4,785.00"
5947085,"$4,752.00"
5947083,"$4,785.00"
5947082,"$4,675.00"
5947081,"$4,646.00"
5947080,"$4,536.00"
5947079,"$3,314.00"
5947074,"$823.00"
5947073,"$823.00"
5947072,"$636.00"
5947071,"$636.00"
5947069,"$619.00"
5947068,"$354.00"
5947067,"$373.00"
5947066,"$659.00"
5947065,"$538.00"
5947064,"$464.00"
5947063,"$325.00"
5947062,"$309.00"
5947061,"$1,663.00"
5947060,"$1,398.00"
5947059,"$2,285.00"
5947058,"$1,862.00"
5947057,"$2,285.00"
5947056,"$1,862.00"
5947055,"$2,285.00"
5947054,"$1,862.00"
5947053,"$2,113.00"
5947052,"$1,587.00"
5947051,"$3,767.00"
5947050,"$1,785.00"
5947049,"$1,956.00"
5947048,"$2,886.00"
5947046,"$2,154.00"
5947045,"$2,886.00"
5947044,"$2,886.00"
5947043,"$2,260.00"
5947042,"$2,260.00"
5947041,"$2,154.00"
5947040,"$2,154.00"
5947039,"$2,010.00"
5947038,"$1,812.00"
5947035,"$515.00"
5947034,"$468.00"
5947032,"$400.00"
5947031,"$400.00"
5947030,"$339.00"
5947029,"$339.00"
5947028,"$972.00"
5947027,"$894.00"
5947026,"$724.00"
5947025,"$665.00"
5947024,"$615.00"
5947023,"$565.00"
5947022,"$372.00"
5947021,"$342.00"
5947020,"$452.00"
5947019,"$636.00"
5947018,"$526.00"
5946978,"$1,190.00"
5946977,"$528.00"
5946976,"$3,321.00"
5946975,"$3,321.00"
5946974,"$3,321.00"
5946973,"$1,080.00"
5946972,"$1,316.00"
5946971,"$1,008.00"
5946970,"$1,008.00"
5946890,"$3,341.00"
5946886,"$2,715.00"
5946879,"$2,307.00"
5946877,"$2,231.00"
5946875,"$2,159.00"
5946869,"$1,944.00"
5946867,"$1,892.00"
5946863,"$1,796.00"
5946861,"$1,757.00"
5946859,"$1,677.00"
5946855,"$1,598.00"
5946843,"$2,703.00"
5946841,"$2,610.00"
5946839,"$2,436.00"
5946837,"$2,354.00"
5946835,"$2,265.00"
5946827,"$1,832.00"
5946825,"$1,757.00"
5946823,"$1,763.00"
5946821,"$1,706.00"
5946819,"$1,595.00"
5946817,"$1,535.00"
5946815,"$1,488.00"
5946811,"$1,446.00"
5946807,"$1,331.00"
5946805,"$1,295.00"
5946791,"$2,732.00"
5946789,"$2,555.00"
5946783,"$3,857.00"
5946779,"$2,027.00"
5946777,"$1,958.00"
5946773,"$1,859.00"
5946769,"$1,698.00"
5946765,"$1,584.00"
5946763,"$1,589.00"
5946761,"$1,553.00"
5946759,"$1,466.00"
5946757,"$1,431.00"
5946755,"$1,396.00"
5946703,"$1,504.00"
5946702,"$1,504.00"
5946701,"$1,504.00"
5946700,"$1,504.00"
5946694,"$881.00"
5946693,"$810.00"
5946692,"$881.00"
5946691,"$881.00"
5946690,"$881.00"
5946689,"$881.00"
5946682,"$1,190.00"
5946681,"$1,190.00"
5946680,"$1,190.00"
5946679,"$1,190.00"
5946678,"$1,190.00"
5946677,"$1,190.00"
5946675,"$1,004.00"
5946674,"$1,004.00"
5946673,"$1,004.00"
5946672,"$1,004.00"
5946671,"$1,004.00"
5946670,"$757.00"
5946669,"$757.00"
5946668,"$757.00"
5946667,"$757.00"
5946666,"$757.00"
5946665,"$757.00"
5946663,"$664.00"
5946662,"$664.00"
5946661,"$664.00"
5946660,"$664.00"
5946659,"$664.00"
5946656,"$606.00"
5946654,"$606.00"
5946653,"$1,190.00"
5946652,"$1,190.00"
5946651,"$1,190.00"
5946650,"$1,190.00"
5946649,"$1,190.00"
5946647,"$1,004.00"
5946646,"$1,004.00"
5946645,"$1,004.00"
5946644,"$1,004.00"
5946643,"$1,004.00"
5946642,"$1,004.00"
5946640,"$757.00"
5946639,"$757.00"
5946638,"$757.00"
5946637,"$757.00"
5946636,"$757.00"
5946635,"$664.00"
5946634,"$664.00"
5946633,"$664.00"
5946632,"$664.00"
5946631,"$664.00"
5946630,"$664.00"
5946628,"$606.00"
5946627,"$606.00"
5946626,"$606.00"
5946625,"$606.00"
5946624,"$606.00"
5946622,"$966.00"
5946620,"$966.00"
5946618,"$966.00"
5946616,"$870.00"
5946614,"$870.00"
5946612,"$870.00"
5946611,"$615.00"
5946610,"$615.00"
5946609,"$615.00"
5946607,"$719.00"
5946606,"$719.00"
5946604,"$663.00"
5946603,"$663.00"
5946602,"$502.00"
5946601,"$502.00"
5946600,"$502.00"
5946599,"$502.00"
5946598,"$502.00"
5946597,"$502.00"
5946595,"$465.00"
5946593,"$465.00"
5946591,"$465.00"
5946588,"$966.00"
5946587,"$966.00"
5946586,"$966.00"
5946585,"$966.00"
5946582,"$870.00"
5946581,"$870.00"
5946580,"$870.00"
5946579,"$870.00"
5946578,"$727.00"
5946576,"$615.00"
5946575,"$615.00"
5946574,"$615.00"
5946571,"$719.00"
5946569,"$663.00"
5946568,"$663.00"
5946566,"$502.00"
5946565,"$502.00"
5946564,"$502.00"
5946563,"$502.00"
5946562,"$502.00"
5946560,"$465.00"
5946559,"$465.00"
5946558,"$465.00"
5946557,"$465.00"
5946555,"$1,168.00"
5946554,"$1,168.00"
5946553,"$1,168.00"
5946552,"$1,168.00"
5946551,"$1,168.00"
5946549,"$1,037.00"
5946548,"$1,037.00"
5946547,"$1,037.00"
5946546,"$1,037.00"
5946545,"$1,037.00"
5946544,"$722.00"
5946543,"$722.00"
5946542,"$757.00"
5946541,"$757.00"
5946540,"$757.00"
5946538,"$615.00"
5946537,"$615.00"
5946536,"$615.00"
5946535,"$615.00"
5946534,"$615.00"
5946530,"$594.00"
5946528,"$594.00"
5946526,"$1,168.00"
5946525,"$1,168.00"
5946524,"$1,168.00"
5946523,"$1,168.00"
5946522,"$1,168.00"
5946521,"$1,037.00"
5946520,"$1,037.00"
5946519,"$1,037.00"
5946518,"$1,037.00"
5946517,"$1,037.00"
5946516,"$1,037.00"
5946515,"$722.00"
5946514,"$722.00"
5946513,"$722.00"
5946512,"$757.00"
5946511,"$757.00"
5946510,"$757.00"
5946509,"$615.00"
5946508,"$615.00"
5946507,"$615.00"
5946506,"$615.00"
5946505,"$615.00"
5946504,"$615.00"
5946501,"$594.00"
5946500,"$594.00"
5946499,"$581.00"
5946498,"$581.00"
5946474,"$615.00"
5946473,"$576.00"
5946472,"$713.00"
5946471,"$615.00"
5946470,"$576.00"
5946468,"$615.00"
5946467,"$576.00"
5946466,"$713.00"
5946465,"$615.00"
5946464,"$576.00"
5946463,"$677.00"
5946462,"$973.00"
5946461,"$1,812.00"
5946460,"$1,444.00"
5946459,"$1,439.00"
5946458,"$1,347.00"
5946457,"$1,127.00"
5946456,"$740.00"
5946454,"$433.00"
5946453,"$622.00"
5946452,"$556.00"
5946451,"$499.00"
5946450,"$484.00"
5946449,"$459.00"
5946448,"$449.00"
5946447,"$420.00"
5946446,"$401.00"
5946445,"$475.00"
5946442,"$484.00"
5946440,"$713.00"
5946439,"$627.00"
5946438,"$627.00"
5946437,"$713.00"
5946436,"$713.00"
5946435,"$1,446.00"
5946434,"$627.00"
5946433,"$627.00"
5946432,"$580.00"
5946431,"$470.00"
5946430,"$470.00"
5946429,"$580.00"
5946426,"$1,409.00"
5946425,"$474.00"
5946406,"$683.00"
5946404,"$580.00"
5946403,"$683.00"
5946402,"$713.00"
5946401,"$580.00"
5946400,"$580.00"
5946399,"$1,416.00"
5946398,"$1,725.00"
5946397,"$1,725.00"
5946396,"$1,725.00"
5946393,"$1,725.00"
5946392,"$1,725.00"
5946391,"$1,725.00"
5766555,"$6,371.00"
5766554,"$6,556.00"
5766552,"$4,414.00"
5766551,"$4,414.00"
5766550,"$4,414.00"
5766549,"$3,433.00"
5766548,"$3,433.00"
5766547,"$3,433.00"
5766546,"$3,135.00"
5766545,"$3,296.00"
5766544,"$3,296.00"
5766543,"$3,296.00"
5766542,"$2,914.00"
5766540,"$4,142.00"
5766539,"$2,730.00"
5766537,"$2,904.00"
5766536,"$2,904.00"
5766535,"$2,904.00"
5766534,"$2,332.00"
5766533,"$2,261.00"
5766530,"$1,677.00"
5766528,"$1,509.00"
5766526,"$1,267.00"
5766525,"$1,074.00"
5766523,"$2,679.00"
5766522,"$2,352.00"
5766521,"$1,489.00"
5766520,"$1,408.00"
5766519,"$1,403.00"
5766512,"$124.00"
5766511,"$275.00"
5766510,"$272.00"
5766509,"$671.00"
5766508,"$270.00"
5766507,"$659.00"
5766506,"$267.00"
5766505,"$647.00"
5766504,"$265.00"
5766503,"$634.00"
5766502,"$263.00"
5766501,"$260.00"
5766500,"$260.00"
5766499,"$671.00"
5766498,"$659.00"
5766497,"$647.00"
5766496,"$634.00"
5766495,"$13,779.00"
5766493,"$22,982.00"
5766492,"$22,982.00"
5766491,"$1,029.00"
5766490,"$687.00"
5766489,"$218.00"
5766488,"$200.00"
5766487,"$189.00"
5766486,"$241.00"
5766485,"$223.00"
5766482,"$9,837.00"
5766481,"$6,469.00"
5766480,"$5,413.00"
5766479,"$3,871.00"
5766478,"$3,232.00"
5766477,"$2,223.00"
5766476,"$2,409.00"
5766475,"$2,057.00"
5766474,"$2,461.00"
5766472,"$780.00"
5766471,"$1,552.00"
5766470,"$500.00"
5766469,"$277.00"
5766468,"$240.00"
5766467,"$7,825.00"
5766466,"$4,401.00"
5766465,"$2,696.00"
5766464,"$1,780.00"
5766463,"$1,932.00"
5766462,"$838.00"
5766461,"$582.00"
5766460,"$233.00"
5766458,"$167.00"
5766424,"$3,172.00"
5766423,"$3,172.00"
5766422,"$3,264.00"
5766421,"$3,264.00"
5766419,"$3,264.00"
5766418,"$3,264.00"
5766417,"$3,264.00"
5766416,"$3,264.00"
5766415,"$3,264.00"
5766414,"$3,172.00"
5766413,"$3,172.00"
5766412,"$3,172.00"
5766411,"$3,172.00"
5766410,"$3,172.00"
5766409,"$3,264.00"
5766408,"$1,773.00"
5766407,"$1,773.00"
5766406,"$1,773.00"
5766405,"$1,773.00"
5766404,"$1,773.00"
5766403,"$1,773.00"
5766402,"$1,773.00"
5766401,"$1,773.00"
5766400,"$1,773.00"
5766399,"$1,773.00"
5766398,"$1,108.00"
5766397,"$1,108.00"
5766396,"$1,108.00"
5766395,"$1,108.00"
5766394,"$1,108.00"
5766393,"$1,108.00"
5766392,"$1,108.00"
5766391,"$1,108.00"
5766390,"$1,171.00"
5766389,"$1,108.00"
5766388,"$1,108.00"
5766387,"$1,108.00"
5766386,"$1,108.00"
5766385,"$1,027.00"
5766384,"$1,027.00"
5766383,"$1,027.00"
5766382,"$1,027.00"
5766381,"$1,027.00"
5766380,"$1,027.00"
5766379,"$1,027.00"
5766378,"$1,027.00"
5766377,"$1,027.00"
5766376,"$1,027.00"
5766375,"$1,027.00"
5766374,"$1,027.00"
5766373,"$1,027.00"
5766372,"$850.00"
5766371,"$850.00"
5766370,"$850.00"
5766369,"$850.00"
5766368,"$850.00"
5766367,"$850.00"
5766363,"$850.00"
5766362,"$850.00"
5766361,"$850.00"
5766360,"$850.00"
5766359,"$850.00"
5766358,"$2,125.00"
5766357,"$1,529.00"
5766356,"$1,067.00"
5766355,"$1,027.00"
5766354,"$899.00"
5766349,"$4,100.00"
5766348,"$3,523.00"
5766347,"$3,951.00"
5766346,"$3,386.00"
5766344,"$5,473.00"
5766343,"$3,160.00"
5766342,"$2,690.00"
5766341,"$2,397.00"
5766340,"$2,837.00"
5766337,"$3,062.00"
5766336,"$2,306.00"
5766335,"$2,739.00"
5766332,"$2,211.00"
5766331,"$2,959.00"
5766330,"$2,636.00"
5766327,"$3,029.00"
5766326,"$2,461.00"
5766325,"$2,706.00"
5766322,"$2,952.00"
5766321,"$2,385.00"
5766320,"$2,086.00"
5766317,"$5,255.00"
5766316,"$2,942.00"
5766315,"$2,460.00"
5766314,"$2,076.00"
5766313,"$2,618.00"
5766311,"$5,048.00"
5766310,"$2,734.00"
5766309,"$2,240.00"
5766308,"$1,895.00"
5766307,"$2,410.00"
5766306,"$4,957.00"
5766305,"$4,924.00"
5766304,"$2,611.00"
5766303,"$2,109.00"
5766302,"$1,787.00"
5766301,"$2,288.00"
5766300,"$2,067.00"
5766299,"$1,825.00"
5766297,"$6,926.00"
5766296,"$3,456.00"
5766295,"$3,670.00"
5766294,"$4,722.00"
5766293,"$4,936.00"
5766291,"$6,329.00"
5766290,"$3,445.00"
5766287,"$3,401.00"
5766286,"$2,947.00"
5766285,"$2,479.00"
5766284,"$3,078.00"
5766281,"$3,146.00"
5766280,"$2,676.00"
5766279,"$2,256.00"
5766278,"$2,822.00"
5766277,"$3,027.00"
5766276,"$2,550.00"
5766275,"$2,152.00"
5766274,"$2,459.00"
5766272,"$2,217.00"
5766271,"$1,876.00"
5766270,"$2,388.00"
5766269,"$1,979.00"
5766268,"$8,560.00"
5766265,"$5,028.00"
5766264,"$4,578.00"
5766261,"$3,899.00"
5766260,"$3,219.00"
5766259,"$3,575.00"
5766258,"$5,794.00"
5766256,"$3,443.00"
5766255,"$2,779.00"
5766254,"$3,016.00"
5766253,"$2,310.00"
5766252,"$360.00"
5766251,"$343.00"
5766250,"$253.00"
5766249,"$207.00"
5766248,"$19,307.00"
5766247,"$19,142.00"
5766246,"$14,852.00"
5766245,"$14,686.00"
5766244,"$11,782.00"
5766243,"$11,615.00"
5766242,"$8,104.00"
5766241,"$7,970.00"
5766240,"$6,463.00"
5766239,"$6,331.00"
5766238,"$969.00"
5766237,"$4,375.00"
5766236,"$3,457.00"
5766235,"$2,356.00"
5766234,"$2,356.00"
5766233,"$9,358.00"
5766232,"$7,870.00"
5766231,"$7,766.00"
5766230,"$5,471.00"
5766229,"$5,493.00"
5766228,"$4,550.00"
5766227,"$3,338.00"
5766226,"$2,834.00"
5766225,"$2,086.00"
5766224,"$1,538.00"
5766223,"$1,323.00"
5766222,"$1,145.00"
5766221,"$688.00"
5766220,"$481.00"
5766219,"$12,782.00"
5766218,"$9,871.00"
5766217,"$8,114.00"
5766216,"$7,766.00"
5766215,"$6,599.00"
5766214,"$7,968.00"
5766213,"$5,257.00"
5766212,"$3,882.00"
5766211,"$6,341.00"
5766210,"$2,861.00"
5766209,"$19,569.00"
5766208,"$9,211.00"
5766207,"$7,760.00"
5766206,"$6,212.00"
5766202,"$7,626.00"
5766201,"$4,938.00"
5766200,"$8,133.00"
5766199,"$4,570.00"
5766198,"$4,032.00"
5766197,"$3,204.00"
5766196,"$2,691.00"
5766195,"$2,294.00"
5766194,"$1,826.00"
5766193,"$747.00"
5766192,"$266.00"
5766191,"$188.00"
5766190,"$164.00"
5766189,"$282.00"
5766188,"$236.00"
5766187,"$201.00"
5766186,"$130.00"
5766183,"$4,578.00"
5766182,"$3,547.00"
5766181,"$2,820.00"
5766180,"$2,505.00"
5766179,"$1,843.00"
5766178,"$1,666.00"
5766177,"$1,595.00"
5766176,"$1,517.00"
5766175,"$1,265.00"
5766174,"$1,154.00"
5766173,"$1,028.00"
5766172,"$2,056.00"
5766171,"$1,411.00"
5766170,"$1,142.00"
5766169,"$1,017.00"
5766168,"$687.00"
5766167,"$1,063.00"
5766166,"$6,840.00"
5766165,"$4,223.00"
5766164,"$3,123.00"
5766163,"$2,592.00"
5766162,"$1,937.00"
5766161,"$2,073.00"
5766160,"$1,460.00"
5766159,"$1,263.00"
5766158,"$1,059.00"
5766157,"$819.00"
5766156,"$5,253.00"
5766155,"$4,040.00"
5766154,"$4,963.00"
5766153,"$3,887.00"
5766152,"$3,277.00"
5766151,"$2,005.00"
5766150,"$1,892.00"
5766149,"$1,757.00"
5766148,"$2,199.00"
5766147,"$2,103.00"
5766146,"$1,946.00"
5766145,"$1,697.00"
5766144,"$1,494.00"
5766142,"$1,134.00"
5766141,"$1,035.00"
5766140,"$928.00"
5766139,"$908.00"
5766138,"$1,598.00"
5766137,"$1,477.00"
5766136,"$1,204.00"
5766135,"$1,061.00"
5766134,"$918.00"
5766133,"$837.00"
5766132,"$751.00"
5766131,"$736.00"
5766130,"$1,131.00"
5766129,"$1,037.00"
5766128,"$927.00"
5766127,"$806.00"
5766126,"$1,059.00"
5766125,"$696.00"
5766124,"$632.00"
5766123,"$818.00"
5766122,"$570.00"
5766121,"$562.00"
5766120,"$783.00"
5766119,"$651.00"
5766118,"$528.00"
5766117,"$736.00"
5766116,"$828.00"
5766115,"$509.00"
5766114,"$490.00"
5766113,"$471.00"
5766112,"$427.00"
5766111,"$337.00"
5766110,"$237.00"
5766109,"$210.00"
5766108,"$653.00"
5766107,"$1,120.00"
5766105,"$4,694.00"
5766101,"$10,387.00"
5766100,"$10,780.00"
5766099,"$9,990.00"
5766098,"$9,594.00"
5766097,"$9,200.00"
5766096,"$9,108.00"
5766095,"$8,057.00"
5766094,"$7,001.00"
5766093,"$6,091.00"
5766092,"$5,902.00"
5766091,"$4,985.00"
5766090,"$5,176.00"
5766089,"$4,415.00"
5766088,"$3,843.00"
5766087,"$3,349.00"
5766086,"$3,649.00"
5766085,"$3,465.00"
5766084,"$3,093.00"
5766083,"$3,278.00"
5766082,"$2,906.00"
5766081,"$2,938.00"
5766080,"$2,801.00"
5766079,"$2,662.00"
5766078,"$2,520.00"
5766077,"$2,380.00"
5766066,"$3,817.00"
5766061,"$2,403.00"
5766057,"$15,201.00"
5766056,"$10,335.00"
5766055,"$7,398.00"
5766054,"$6,442.00"
5766053,"$7,351.00"
5766052,"$6,911.00"
5766051,"$6,475.00"
5766050,"$5,938.00"
5766049,"$5,597.00"
5766048,"$4,467.00"
5766047,"$4,183.00"
5766046,"$3,936.00"
5766045,"$3,786.00"
5766044,"$3,438.00"
5766043,"$3,648.00"
5766042,"$3,488.00"
5766041,"$3,332.00"
5766040,"$3,169.00"
5766039,"$3,430.00"
5766038,"$3,301.00"
5766037,"$3,160.00"
5766036,"$3,023.00"
5766035,"$2,886.00"
5766034,"$3,066.00"
5766033,"$22,811.00"
5766032,"$17,530.00"
5766031,"$14,899.00"
5766030,"$12,267.00"
5766029,"$9,636.00"
5766028,"$12,978.00"
5766027,"$12,054.00"
5766026,"$11,131.00"
5766025,"$10,205.00"
5766024,"$9,619.00"
5766023,"$7,799.00"
5766022,"$7,051.00"
5766021,"$6,135.00"
5766020,"$5,213.00"
5766019,"$4,293.00"
5766018,"$4,654.00"
5766017,"$4,216.00"
5766016,"$3,778.00"
5766015,"$3,344.00"
5766014,"$2,908.00"
5766013,"$3,430.00"
5766012,"$3,221.00"
5766011,"$3,011.00"
5766010,"$2,802.00"
5766009,"$2,595.00"
5766008,"$9,840.00"
5766007,"$9,477.00"
5766006,"$9,481.00"
5766005,"$8,754.00"
5766004,"$8,393.00"
5766003,"$7,588.00"
5766002,"$6,771.00"
5766001,"$5,433.00"
5766000,"$4,542.00"
5765999,"$3,649.00"
5765998,"$3,426.00"
5765997,"$2,877.00"
5765996,"$2,598.00"
5765995,"$2,451.00"
5765994,"$2,209.00"
5765993,"$2,549.00"
5765992,"$2,360.00"
5765991,"$2,274.00"
5765990,"$2,187.00"
5765989,"$2,090.00"
5765988,"$2,370.00"
5765987,"$2,102.00"
5765986,"$1,923.00"
5765985,"$1,775.00"
5765984,"$1,623.00"
5765983,"$1,046.00"
5765982,"$917.00"
5765981,"$4,608.00"
5765980,"$4,608.00"
5765979,"$4,466.00"
5765978,"$4,466.00"
5765977,"$4,003.00"
5765976,"$4,003.00"
5765975,"$3,865.00"
5765974,"$3,865.00"
5765973,"$4,297.00"
5765972,"$4,297.00"
5765971,"$4,145.00"
5765970,"$4,145.00"
5765969,"$4,263.00"
5765968,"$4,112.00"
5765967,"$4,112.00"
5765966,"$12,951.00"
5765965,"$11,073.00"
5765964,"$10,097.00"
5765963,"$8,353.00"
5765962,"$12,054.00"
5765961,"$10,178.00"
5765960,"$9,202.00"
5765959,"$7,459.00"
5765957,"$4,770.00"
5765956,"$3,762.00"
5765955,"$3,608.00"
5765954,"$2,898.00"
5765953,"$3,274.00"
5765952,"$2,093.00"
5765951,"$1,666.00"
5765950,"$920.00"
5765949,"$690.00"
5765948,"$666.00"
5765947,"$1,219.00"
5765946,"$673.00"
5765945,"$578.00"
5765944,"$555.00"
5765943,"$1,323.00"
5765942,"$568.00"
5765941,"$436.00"
5765940,"$347.00"
5765939,"$1,363.00"
5765938,"$1,121.00"
5765937,"$994.00"
5765936,"$689.00"
5765935,"$263.00"
5765934,"$212.00"
5765933,"$145.00"
5765932,"$4,167.00"
5765928,"$38,102.00"
5765927,"$31,126.00"
5765926,"$35,024.00"
5765925,"$27,801.00"
5765923,"$24,786.00"
5765916,"$38,102.00"
5765915,"$31,126.00"
5765914,"$35,024.00"
5765913,"$27,801.00"
5765912,"$31,295.00"
5765911,"$24,786.00"
5765910,"$1,940.00"
5765909,"$1,552.00"
5765908,"$1,033.00"
5765907,"$883.00"
5765906,"$788.00"
5765905,"$708.00"
5765904,"$44,755.00"
5765903,"$42,035.00"
5765902,"$39,150.00"
5765901,"$32,102.00"
5765900,"$35,982.00"
5765899,"$28,675.00"
5765896,"$34,327.00"
5765895,"$27,152.00"
5765894,"$30,619.00"
5765893,"$24,171.00"
5765892,"$8,730.00"
5765890,"$8,730.00"
5765888,"$8,581.00"
5765887,"$8,581.00"
5765884,"$526.00"
5765883,"$316.00"
5765881,"$5,114.00"
5765880,"$3,422.00"
5765873,"$5,599.00"
5765870,"$6,003.00"
5765869,"$5,646.00"
5765868,"$5,131.00"
5765867,"$4,901.00"
5765866,"$4,836.00"
5765865,"$6,732.00"
5765864,"$5,054.00"
5765863,"$4,819.00"
5765862,"$10,058.00"
5765858,"$97.00"
5765857,"$6,842.00"
5765852,"$38,183.00"
5765851,"$38,183.00"
5765844,"$35,923.00"
5765843,"$35,381.00"
5765842,"$35,381.00"
5765841,"$34,478.00"
5764367,"$9,430.00"
5764366,"$5,843.00"
5764365,"$1,679.00"
5764364,"$1,001.00"
5764363,"$3,546.00"
5764362,"$3,119.00"
5764361,"$1,467.00"
5764360,"$5,652.00"
5764357,"$13,388.00"
5764356,"$13,256.00"
5764355,"$11,401.00"
5764354,"$10,033.00"
5764353,"$4,999.00"
5764352,"$9,357.00"
5764351,"$1,474.00"
5764350,"$874.00"
5764349,"$5,217.00"
5764345,"$10,339.00"
5764344,"$8,484.00"
5764343,"$7,151.00"
5764342,"$2,428.00"
5764341,"$4,220.00"
5764340,"$416.00"
5764339,"$826.00"
5764338,"$3,260.00"
5764334,"$7,822.00"
5764333,"$5,968.00"
5764332,"$4,558.00"
5764331,"$1,361.00"
5764330,"$2,564.00"
5764329,"$237.00"
5764328,"$466.00"
5764324,"$5,683.00"
5764323,"$3,916.00"
5764322,"$2,456.00"
5764321,"$1,863.00"
5764318,"$83.00"
5764316,"$46.00"
5764315,"$46.00"
5764314,"$79.00"
5764313,"$64.00"
5764312,"$81.00"
5764311,"$29.00"
5764310,"$29.00"
5764307,"$293.00"
5764306,"$179.00"
5764304,"$122.00"
5764303,"$162.00"
5764302,"$7,598.00"
5764301,"$9,084.00"
5764300,"$6,378.00"
5764299,"$2,043.00"
5764298,"$55.00"
5764297,"$55.00"
5764296,"$2,294.00"
5764295,"$1,877.00"
5764293,"$1,619.00"
5764292,"$1,619.00"
5764291,"$1,274.00"
5764290,"$813.00"
5764289,"$54.00"
5764288,"$57.00"
5764287,"$201.00"
5764286,"$710.00"
5764285,"$2,006.00"
5764284,"$404.00"
5764283,"$639.00"
5764282,"$832.00"
5764280,"$108.00"
5764279,"$294.00"
5764278,"$303.00"
5764277,"$353.00"
5764276,"$251.00"
5764275,"$194.00"
5764274,"$149.00"
5764273,"$87.00"
5764272,"$208.00"
5764271,"$208.00"
5764270,"$187.00"
5764269,"$774.00"
5764268,"$96.00"
5764267,"$162.00"
5764266,"$333.00"
5764265,"$102.00"
5764264,"$534.00"
5764263,"$312.00"
5764262,"$212.00"
5764261,"$77.00"
5764260,"$119.00"
5764259,"$110.00"
5764258,"$401.00"
5764257,"$126.00"
5764256,"$314.00"
5764255,"$4,079.00"
5764254,"$2,827.00"
5764253,"$137.00"
5764252,"$533.00"
5764250,"$103.00"
5764249,"$373.00"
5764248,"$189.00"
5764247,"$487.00"
5764246,"$290.00"
5764245,"$212.00"
5764244,"$617.00"
5764243,"$2,050.00"
5764242,"$491.00"
5764241,"$1,142.00"
5764240,"$547.00"
5764239,"$3,133.00"
5764238,"$2,050.00"
5764237,"$295.00"
5764236,"$109.00"
5764235,"$830.00"
5764234,"$1,678.00"
5764233,"$84.00"
5764232,"$925.00"
5764231,"$374.00"
5764230,"$1,226.00"
5764229,"$475.00"
5764228,"$307.00"
5764227,"$954.00"
5764226,"$130.00"
5764225,"$149.00"
5764223,"$64.00"
5764222,"$66.00"
5764221,"$498.00"
5764220,"$194.00"
5764219,"$280.00"
5764218,"$188.00"
5764217,"$66.00"
5764216,"$66.00"
5764215,"$170.00"
5764214,"$163.00"
5764213,"$233.00"
5764212,"$150.00"
5764211,"$79.00"
5764210,"$183.00"
5764209,"$168.00"
5764208,"$119.00"
5764207,"$123.00"
5764206,"$32.00"
5764205,"$152.00"
5764204,"$162.00"
5764203,"$95.00"
5764202,"$170.00"
5764201,"$93.00"
5764200,"$137.00"
5764199,"$146.00"
5764198,"$251.00"
5764197,"$823.00"
5764196,"$1,492.00"
5764195,"$328.00"
5764194,"$224.00"
5764193,"$103.00"
5764192,"$193.00"
5764191,"$113.00"
5764190,"$1,661.00"
5764189,"$733.00"
5764188,"$1,134.00"
5764187,"$908.00"
5764186,"$570.00"
5764185,"$87.00"
5764184,"$125.00"
5764183,"$538.00"
5764182,"$644.00"
5764181,"$500.00"
5764180,"$500.00"
5764145,"$7,245.00"
5764144,"$6,519.00"
5764107,"$1,680.00"
5764079,"$1,561.00"
5764076,"$1,571.00"
5764065,"$162.00"
5764064,"$132.00"
5764063,"$132.00"
5764062,"$132.00"
5765811,"$272.00"
5765810,"$113.00"
5765809,"$112.00"
5765806,"$1,289.00"
5765805,"$1,130.00"
5765803,"$749.00"
5765802,"$1,917.00"
5765801,"$1,810.00"
5765800,"$1,808.00"
5765799,"$1,783.00"
5765798,"$5,685.00"
5765797,"$5,202.00"
5765796,"$4,961.00"
5765795,"$4,317.00"
5765794,"$4,075.00"
5765793,"$3,510.00"
5765791,"$1,675.00"
5765790,"$1,341.00"
5765789,"$2,372.00"
5765788,"$1,047.00"
5765787,"$3,366.00"
5765786,"$1,850.00"
5765785,"$1,260.00"
5765784,"$1,399.00"
5765783,"$3,704.00"
5765782,"$3,058.00"
5765781,"$1,112.00"
5765780,"$1,006.00"
5765779,"$751.00"
5765778,"$744.00"
5765777,"$627.00"
5765776,"$629.00"
5765775,"$933.00"
5765774,"$629.00"
5765773,"$520.00"
5765772,"$1,785.00"
5765771,"$1,039.00"
5765770,"$734.00"
5765769,"$945.00"
5765768,"$1,248.00"
5765767,"$599.00"
5765766,"$1,248.00"
5765765,"$795.00"
5765764,"$152.00"
5765757,"$11,522.00"
5765755,"$7,565.00"
5765753,"$931.00"
5765752,"$374.00"
5765745,"$38,360.00"
5765743,"$31,686.00"
5765741,"$29,119.00"
5765733,"$24,988.00"
5765731,"$509.00"
5765730,"$415.00"
5765729,"$363.00"
5765728,"$315.00"
5765727,"$294.00"
5765726,"$269.00"
5765724,"$12,714.00"
5765723,"$8,500.00"
5765722,"$5,892.00"
5765721,"$4,494.00"
5765720,"$3,541.00"
5765719,"$2,743.00"
5765717,"$30.00"
5765716,"$289.00"
5765715,"$308.00"
5765714,"$106.00"
5765713,"$87.00"
5765712,"$129.00"
5765711,"$203.00"
5765710,"$173.00"
5765709,"$134.00"
5765708,"$119.00"
5765707,"$104.00"
5765706,"$324.00"
5765705,"$125.00"
5765704,"$117.00"
5765703,"$125.00"
5765702,"$263.00"
5765701,"$201.00"
5765700,"$150.00"
5765699,"$116.00"
5765697,"$6,843.00"
5765696,"$3,421.00"
5765695,"$3,021.00"
5765694,"$11,619.00"
5765693,"$6,492.00"
5765692,"$5,764.00"
5765691,"$4,841.00"
5765690,"$321.00"
5765689,"$14,928.00"
5765688,"$18,016.00"
5765687,"$18,016.00"
5765683,"$9,653.00"
5765681,"$13,450.00"
5765678,"$10,940.00"
5765677,"$6,050.00"
5765676,"$9,139.00"
5765675,"$9,139.00"
5765672,"$7,336.00"
5765671,"$4,324.00"
5765669,"$7,781.00"
5765665,"$3,678.00"
5765664,"$3,678.00"
5765663,"$3,678.00"
5765662,"$3,678.00"
5765661,"$991.00"
5765660,"$1,928.00"
5765659,"$65.00"
5765658,"$336.00"
5765657,"$3,991.00"
5765655,"$15,540.00"
5765654,"$11,870.00"
5765653,"$7,200.00"
5765652,"$5,905.00"
5765651,"$4,828.00"
5765650,"$3,459.00"
5765649,"$2,529.00"
5765648,"$8,148.00"
5765647,"$6,308.00"
5765646,"$4,582.00"
5765645,"$3,159.00"
5765644,"$2,660.00"
5765643,"$2,636.00"
5765642,"$2,453.00"
5765641,"$2,199.00"
5765638,"$2,933.00"
5765637,"$2,789.00"
5765636,"$1,180.00"
5765635,"$5,903.00"
5765634,"$3,627.00"
5765633,"$2,856.00"
5765632,"$662.00"
5765631,"$591.00"
5765630,"$298.00"
5765624,"$2,790.00"
5765623,"$2,388.00"
5765622,"$1,481.00"
5765621,"$1,038.00"
5765620,"$804.00"
5765619,"$321.00"
5765616,"$20,145.00"
5765615,"$16,202.00"
5765614,"$16,717.00"
5765613,"$13,164.00"
5765612,"$11,226.00"
5765611,"$3,468.00"
5765610,"$5,408.00"
5765579,"$26,970.00"
5765577,"$24,990.00"
5765575,"$16,421.00"
5765574,"$20,816.00"
5765573,"$19,332.00"
5765572,"$12,022.00"
5765571,"$7,514.00"
5765568,"$24,274.00"
5765567,"$17,177.00"
5765566,"$16,335.00"
5765565,"$11,424.00"
5765564,"$5,793.00"
5765563,"$4,056.00"
5765392,"$655.00"
5765391,"$746.00"
5765390,"$655.00"
5765389,"$746.00"
5765388,"$1,377.00"
5765387,"$601.00"
5765386,"$19,144.00"
5765380,"$839.00"
5765378,"$1,449.00"
5765377,"$608.00"
5765376,"$627.00"
5765375,"$333.00"
5765354,"$3,834.00"
5765353,"$3,834.00"
5765352,"$1,964.00"
5765351,"$132.00"
5765350,"$1,262.00"
5765349,"$1,202.00"
5765348,"$18.00"
5765347,"$188.00"
5765346,"$85.00"
5765345,"$1,112.00"
5765344,"$743.00"
5765343,"$1,801.00"
5765342,"$236.00"
5765340,"$331.00"
5765339,"$16.00"
5765337,"$509.00"
5765336,"$443.00"
5765335,"$43.00"
5765334,"$121.00"
5765333,"$693.00"
5765332,"$449.00"
5765331,"$21.00"
5765330,"$79.00"
5765329,"$589.00"
5765328,"$16.00"
5765327,"$492.00"
5765326,"$1,202.00"
5765325,"$82.00"
5765324,"$114.00"
5765323,"$257.00"
5765322,"$300.00"
5765321,"$238.00"
5765320,"$184.00"
5765319,"$87.00"
5765318,"$26.00"
5765317,"$184.00"
5765316,"$406.00"
5765315,"$197.00"
5765314,"$21.00"
5765313,"$468.00"
5765312,"$25.00"
5765311,"$292.00"
5765310,"$29.00"
5765309,"$92.00"
5765308,"$183.00"
5765307,"$18.00"
5765306,"$134.00"
5765305,"$18.00"
5765304,"$159.00"
5765302,"$79.00"
5765301,"$129.00"
5765300,"$111.00"
5765299,"$104.00"
5765298,"$57.00"
5765297,"$20.00"
5765296,"$18.00"
5765295,"$97.00"
5765294,"$97.00"
5765293,"$173.00"
5765292,"$18.00"
5765291,"$21.00"
5765290,"$18.00"
5765288,"$203.00"
5765287,"$37.00"
5765286,"$209.00"
5765285,"$17.00"
5765284,"$1,928.00"
5765283,"$238.00"
5765282,"$65.00"
5765281,"$39.00"
5765279,"$9,139.00"
5765278,"$8,196.00"
5765277,"$7,609.00"
5765276,"$7,186.00"
5765275,"$6,383.00"
5765274,"$5,776.00"
5765273,"$7,222.00"
5765272,"$6,724.00"
5765271,"$6,228.00"
5765270,"$5,729.00"
5765269,"$5,234.00"
5765268,"$4,736.00"
5765267,"$5,946.00"
5765266,"$5,539.00"
5765265,"$5,134.00"
5765264,"$4,721.00"
5765263,"$4,314.00"
5765262,"$3,904.00"
5765261,"$3,705.00"
5765260,"$3,453.00"
5765259,"$3,198.00"
5765258,"$2,923.00"
5765257,"$2,690.00"
5765256,"$2,434.00"
5765255,"$6,533.00"
5765254,"$7,990.00"
5765253,"$7,443.00"
5765252,"$6,893.00"
5765251,"$6,340.00"
5765250,"$5,677.00"
5765249,"$5,243.00"
5765248,"$6,412.00"
5765247,"$5,977.00"
5765246,"$5,533.00"
5765245,"$5,089.00"
5765244,"$4,647.00"
5765243,"$4,207.00"
5765242,"$4,432.00"
5765241,"$4,023.00"
5765240,"$3,727.00"
5765239,"$3,429.00"
5765238,"$3,136.00"
5765237,"$2,837.00"
5765236,"$3,532.00"
5765235,"$3,289.00"
5765234,"$3,047.00"
5765233,"$2,801.00"
5765232,"$2,543.00"
5765231,"$2,321.00"
5765229,"$8,463.00"
5765228,"$7,853.00"
5765227,"$7,224.00"
5765226,"$6,632.00"
5765225,"$6,022.00"
5765224,"$5,407.00"
5765223,"$6,869.00"
5765222,"$6,357.00"
5765221,"$5,898.00"
5765220,"$5,406.00"
5765219,"$4,881.00"
5765218,"$4,361.00"
5765217,"$5,583.00"
5765216,"$5,168.00"
5765215,"$4,760.00"
5765214,"$4,345.00"
5765213,"$3,934.00"
5765212,"$3,519.00"
5765211,"$3,320.00"
5765210,"$3,064.00"
5765209,"$2,807.00"
5765208,"$2,568.00"
5765207,"$2,294.00"
5765206,"$2,051.00"
5765205,"$545.00"
5765204,"$427.00"
5765203,"$360.00"
5765202,"$286.00"
5765201,"$933.00"
5765200,"$881.00"
5765199,"$470.00"
5765198,"$442.00"
5765197,"$295.00"
5765196,"$240.00"
5765195,"$160.00"
5765194,"$217.00"
5765193,"$230.00"
5765192,"$178.00"
5765191,"$216.00"
5765190,"$162.00"
5765189,"$531.00"
5765188,"$354.00"
5765187,"$1,114.00"
5765186,"$619.00"
5765185,"$377.00"
5765184,"$321.00"
5765183,"$216.00"
5765182,"$275.00"
5765181,"$292.00"
5765180,"$236.00"
5765179,"$257.00"
5765178,"$198.00"
5765177,"$207.00"
5765176,"$162.00"
5765175,"$180.00"
5765174,"$264.00"
5765173,"$239.00"
5765172,"$294.00"
5765171,"$257.00"
5765170,"$227.00"
5765169,"$184.00"
5765167,"$166.00"
5765166,"$139.00"
5765165,"$332.00"
5765164,"$287.00"
5765163,"$240.00"
5765162,"$1,067.00"
5765161,"$812.00"
5765160,"$502.00"
5765159,"$383.00"
5765158,"$333.00"
5765157,"$241.00"
5765156,"$802.00"
5765155,"$615.00"
5765154,"$401.00"
5765153,"$216.00"
5765152,"$203.00"
5765151,"$160.00"
5765150,"$117.00"
5765149,"$138.00"
5765148,"$117.00"
5765147,"$88.00"
5765146,"$1,117.00"
5765145,"$1,034.00"
5765144,"$648.00"
5765143,"$493.00"
5765142,"$319.00"
5765141,"$1,034.00"
5765140,"$791.00"
5765139,"$582.00"
5765138,"$280.00"
5765137,"$196.00"
5765136,"$156.00"
5765135,"$110.00"
5765134,"$490.00"
5765133,"$309.00"
5765132,"$194.00"
5765131,"$585.00"
5765130,"$985.00"
5765129,"$1,583.00"
5765128,"$1,583.00"
5765127,"$1,583.00"
5765126,"$1,583.00"
5765125,"$1,583.00"
5765124,"$1,583.00"
5765123,"$1,583.00"
5765122,"$3,208.00"
5765121,"$1,310.00"
5765120,"$1,310.00"
5765119,"$1,310.00"
5765118,"$1,310.00"
5765117,"$1,310.00"
5765116,"$1,285.00"
5765115,"$1,310.00"
5765113,"$2,649.00"
5765112,"$1,020.00"
5765111,"$1,020.00"
5765110,"$1,020.00"
5765109,"$1,020.00"
5765108,"$1,020.00"
5765107,"$1,020.00"
5765106,"$1,020.00"
5765105,"$1,020.00"
5765104,"$2,066.00"
5765103,"$830.00"
5765102,"$830.00"
5765100,"$830.00"
5765099,"$830.00"
5765098,"$830.00"
5765097,"$830.00"
5765096,"$830.00"
5765095,"$830.00"
5765094,"$830.00"
5765093,"$1,684.00"
5765092,"$700.00"
5765091,"$700.00"
5765090,"$700.00"
5765089,"$700.00"
5765088,"$700.00"
5765087,"$700.00"
5765085,"$700.00"
5765084,"$1,414.00"
5765083,"$582.00"
5765082,"$582.00"
5765081,"$582.00"
5765080,"$582.00"
5765079,"$582.00"
5765078,"$582.00"
5765077,"$582.00"
5765076,"$582.00"
5765075,"$582.00"
5765074,"$561.00"
5765073,"$582.00"
5765072,"$1,174.00"
5765071,"$10,228.00"
5765070,"$12,097.00"
5765069,"$12,097.00"
5765067,"$12,355.00"
5765066,"$10,553.00"
5765063,"$7,852.00"
5765060,"$6,050.00"
5765059,"$2,963.00"
5765057,"$5,921.00"
5765054,"$4,119.00"
5765053,"$2,268.00"
5765051,"$5,148.00"
5765048,"$3,346.00"
5765047,"$606.00"
5765046,"$548.00"
5765039,"$459.00"
5765038,"$459.00"
5765037,"$459.00"
5765036,"$459.00"
5765035,"$459.00"
5765034,"$459.00"
5765033,"$459.00"
5765032,"$459.00"
5765031,"$459.00"
5765030,"$459.00"
5765029,"$459.00"
5765028,"$4,432.00"
5765015,"$192.00"
5765014,"$342.00"
5765013,"$108.00"
5765012,"$108.00"
5765011,"$113.00"
5765010,"$88.00"
5765009,"$380.00"
5765008,"$335.00"
5765007,"$440.00"
5765006,"$440.00"
5765005,"$230.00"
5765003,"$196.00"
5765002,"$185.00"
5765001,"$162.00"
5765000,"$156.00"
5764999,"$133.00"
5764998,"$142.00"
5764997,"$133.00"
5764996,"$133.00"
5764995,"$142.00"
5764994,"$132.00"
5764993,"$139.00"
5764992,"$132.00"
5764991,"$139.00"
5764990,"$139.00"
5764989,"$139.00"
5764988,"$129.00"
5764987,"$129.00"
5764986,"$134.00"
5764985,"$134.00"
5764984,"$129.00"
5764983,"$28.00"
5764982,"$112.00"
5764981,"$42.00"
5764980,"$51.00"
5764979,"$62.00"
5764978,"$27.00"
5764977,"$88.00"
5764976,"$85.00"
5764975,"$35.00"
5764974,"$90.00"
5764970,"$78.00"
5764969,"$63.00"
5764968,"$32.00"
5764967,"$34.00"
5764966,"$45.00"
5764963,"$8,063.00"
5764956,"$7,189.00"
5764955,"$6,981.00"
5764953,"$4,955.00"
5764952,"$10,792.00"
5764951,"$9,807.00"
5764950,"$6,730.00"
5764949,"$7,148.00"
5764948,"$6,312.00"
5764945,"$11,655.00"
5764942,"$11,580.00"
5764941,"$6,312.00"
5764940,"$8,984.00"
5764939,"$8,201.00"
5764938,"$7,146.00"
5764937,"$3,579.00"
5764936,"$4,677.00"
5764935,"$447.00"
5764932,"$1,258.00"
5764931,"$1,408.00"
5764930,"$216.00"
5764929,"$107.00"
5764924,"$289.00"
5764908,"$1,252.00"
5764906,"$751.00"
5764905,"$340.00"
5764904,"$333.00"
5764903,"$276.00"
5764902,"$4,562.00"
5764901,"$3,963.00"
5764900,"$3,534.00"
5764897,"$1,494.00"
5764896,"$2,056.00"
5764895,"$2,360.00"
5764894,"$1,906.00"
5764893,"$1,257.00"
5764892,"$561.00"
5764891,"$513.00"
5764890,"$452.00"
5764883,"$53.00"
5764835,"$292.00"
5764834,"$143.00"
5764829,"$97.00"
5764800,"$300.00"
5764799,"$308.00"
5764798,"$32.00"
5764797,"$258.00"
5764794,"$433.00"
5764792,"$197.00"
5764790,"$32.00"
5764787,"$41.00"
5764785,"$255.00"
5764782,"$137.00"
5764775,"$32.00"
5764773,"$62.00"
5764768,"$97.00"
5764765,"$150.00"
5764764,"$53.00"
5764749,"$3,206.00"
5764747,"$649.00"
5764744,"$184.00"
5764743,"$168.00"
5764738,"$2,115.00"
5764737,"$3,555.00"
5764736,"$2,835.00"
5764735,"$2,433.00"
5764733,"$12,798.00"
5764732,"$11,925.00"
5764730,"$8,519.00"
5764729,"$4,199.00"
5764728,"$3,201.00"
5764727,"$1,839.00"
5764726,"$1,306.00"
5764725,"$1,052.00"
5764724,"$1,814.00"
5764722,"$2,895.00"
5764718,"$1,202.00"
5764714,"$1,661.00"
5764713,"$1,323.00"
5764712,"$854.00"
5764711,"$798.00"
5764710,"$656.00"
5764709,"$15,489.00"
5764708,"$11,702.00"
5764707,"$9,974.00"
5764706,"$8,584.00"
5764705,"$7,195.00"
5764704,"$6,192.00"
5764703,"$4,331.00"
5764702,"$3,979.00"
5764701,"$3,212.00"
5764700,"$2,728.00"
5764699,"$2,009.00"
5764698,"$1,484.00"
5764697,"$1,259.00"
5764696,"$1,071.00"
5764694,"$1,142.00"
5764693,"$971.00"
5764692,"$826.00"
5764691,"$703.00"
5764690,"$209.00"
5764689,"$62.00"
5764688,"$97.00"
5764687,"$209.00"
5764686,"$80.00"
5764684,"$1,945.00"
5764683,"$1,269.00"
5764682,"$406.00"
5764681,"$858.00"
5764680,"$607.00"
5764679,"$52.00"
5764678,"$297.00"
5764676,"$212.00"
5764674,"$28.00"
5764673,"$24.00"
5764671,"$21.00"
5764646,"$9,936.00"
5764639,"$11,250.00"
5764621,"$7,581.00"
5764615,"$8,007.00"
5764589,"$101.00"
5764588,"$508.00"
5764587,"$2,860.00"
5764586,"$2,145.00"
5764585,"$864.00"
5764584,"$644.00"
5764583,"$534.00"
5764582,"$462.00"
5764581,"$125.00"
5764580,"$642.00"
5764579,"$515.00"
5764578,"$8,727.00"
5764577,"$2,563.00"
5764576,"$2,378.00"
5764575,"$1,529.00"
5764574,"$1,083.00"
5764573,"$122.00"
5764572,"$281.00"
5764571,"$558.00"
5764570,"$435.00"
5764569,"$330.00"
5764568,"$241.00"
5764567,"$161.00"
5764566,"$153.00"
5764564,"$291.00"
5764563,"$222.00"
5764562,"$114.00"
5764561,"$101.00"
5764560,"$88.00"
5764559,"$75.00"
5764558,"$70.00"
5764557,"$77.00"
5764556,"$61.00"
5764555,"$58.00"
5764554,"$58.00"
5764553,"$55.00"
5764552,"$118.00"
5764551,"$114.00"
5764550,"$53.00"
5764549,"$111.00"
5764548,"$102.00"
5764547,"$86.00"
5764546,"$84.00"
5764545,"$70.00"
5764544,"$69.00"
5764543,"$61.00"
5764542,"$61.00"
5764541,"$55.00"
5764540,"$1,540.00"
5764539,"$1,540.00"
5764538,"$1,501.00"
5764537,"$1,377.00"
5764536,"$1,311.00"
5764535,"$1,311.00"
5764534,"$1,311.00"
5764533,"$4,478.00"
5764532,"$4,478.00"
5764531,"$3,578.00"
5764530,"$3,572.00"
5764529,"$3,572.00"
5764528,"$3,572.00"
5764527,"$2,938.00"
5764526,"$2,938.00"
5764525,"$2,938.00"
5764524,"$2,850.00"
5764523,"$2,580.00"
5764522,"$2,569.00"
5764521,"$2,335.00"
5764520,"$2,335.00"
5764519,"$2,335.00"
5764518,"$2,001.00"
5764517,"$2,001.00"
5764516,"$1,540.00"
5764515,"$1,540.00"
5764514,"$1,501.00"
5764513,"$1,377.00"
5764512,"$1,377.00"
5764511,"$1,311.00"
5764510,"$1,311.00"
5764509,"$1,311.00"
5764508,"$1,311.00"
5764507,"$1,311.00"
5764506,"$1,311.00"
5764505,"$1,311.00"
5764504,"$1,278.00"
5764503,"$1,278.00"
5764501,"$4,478.00"
5764500,"$4,478.00"
5764499,"$3,578.00"
5764498,"$3,572.00"
5764497,"$3,572.00"
5764496,"$2,938.00"
5764495,"$2,850.00"
5764494,"$2,580.00"
5764493,"$2,335.00"
5764492,"$2,023.00"
5764491,"$2,001.00"
5764490,"$919.00"
5764489,"$625.00"
5764488,"$622.00"
5764487,"$538.00"
5764486,"$467.00"
5764485,"$394.00"
5764484,"$299.00"
5764483,"$272.00"
5764482,"$233.00"
5764481,"$229.00"
5764480,"$1,360.00"
5764479,"$227.00"
5764478,"$1,257.00"
5764477,"$1,257.00"
5764475,"$1,161.00"
5764474,"$1,161.00"
5764473,"$1,161.00"
5764472,"$1,019.00"
5764471,"$227.00"
5764470,"$919.00"
5764469,"$227.00"
5764468,"$625.00"
5764465,"$543.00"
5764464,"$533.00"
5764463,"$538.00"
5764461,"$467.00"
5764460,"$502.00"
5764457,"$338.00"
5764456,"$299.00"
5764454,"$272.00"
5764453,"$277.00"
5764452,"$252.00"
5764451,"$233.00"
5764450,"$253.00"
5764449,"$230.00"
5764448,"$229.00"
5764447,"$229.00"
5764446,"$252.00"
5764444,"$227.00"
5764443,"$227.00"
5764442,"$227.00"
5764441,"$1,360.00"
5764440,"$1,257.00"
5764439,"$1,161.00"
5764438,"$1,019.00"
5764437,"$538.00"
5764436,"$538.00"
5764435,"$446.00"
5764434,"$394.00"
5764433,"$339.00"
5764432,"$265.00"
5764431,"$237.00"
5764430,"$197.00"
5764428,"$130.00"
5764427,"$108.00"
5764426,"$104.00"
5764425,"$587.00"
5764424,"$84.00"
5764423,"$538.00"
5764422,"$83.00"
5764421,"$446.00"
5764420,"$83.00"
5764419,"$491.00"
5764418,"$426.00"
5764416,"$426.00"
5764415,"$393.00"
5764414,"$357.00"
5764413,"$341.00"
5764412,"$75.00"
5764411,"$300.00"
5764410,"$265.00"
5764409,"$75.00"
5764408,"$265.00"
5764407,"$249.00"
5764406,"$228.00"
5764405,"$210.00"
5764404,"$75.00"
5764403,"$197.00"
5764402,"$169.00"
5764401,"$163.00"
5764400,"$159.00"
5764399,"$154.00"
5764398,"$144.00"
5764397,"$130.00"
5764396,"$121.00"
5764395,"$73.00"
5764394,"$114.00"
5764393,"$105.00"
5764392,"$99.00"
5764391,"$84.00"
5764390,"$83.00"
5764389,"$75.00"
5764388,"$75.00"
5764387,"$587.00"
5764386,"$73.00"
5764385,"$73.00"
5764384,"$11,422.00"
5764383,"$6,246.00"
5764382,"$2,449.00"
5764381,"$3,938.00"
5764380,"$1,608.00"
5764379,"$789.00"
5764378,"$1,749.00"
5764375,"$110.00"
5764374,"$403.00"
5764373,"$653.00"
5764371,"$12,648.00"
5764371,"$12,648.00"
5764369,"$8,496.00"
5764369,"$8,496.00"
5764368,"$15,054.00"
5766929,"$5,069.00"
5766928,"$5,069.00"
5766927,"$5,069.00"
5766926,"$5,069.00"
5766923,"$971.00"
5766922,"$5,069.00"
5766919,"$971.00"
5766918,"$971.00"
5766917,"$5,069.00"
5766916,"$6,385.00"
5766915,"$6,208.00"
5766914,"$4,000.00"
5766913,"$4,000.00"
5766909,"$780.00"
5766908,"$780.00"
5766907,"$780.00"
5766906,"$780.00"
5766905,"$780.00"
5766904,"$780.00"
5766903,"$780.00"
5766901,"$4,000.00"
5766900,"$4,000.00"
5766899,"$780.00"
5766898,"$4,000.00"
5766895,"$780.00"
5766894,"$780.00"
5766892,"$780.00"
5766891,"$4,000.00"
5766889,"$4,000.00"
5766888,"$4,000.00"
5766886,"$748.00"
5766885,"$748.00"
5766884,"$748.00"
5766883,"$4,600.00"
5766881,"$4,000.00"
5766880,"$4,000.00"
5766879,"$4,000.00"
5766876,"$748.00"
5766875,"$748.00"
5766874,"$748.00"
5766873,"$748.00"
5766872,"$4,600.00"
5766870,"$748.00"
5766869,"$4,000.00"
5766868,"$748.00"
5766866,"$748.00"
5766865,"$4,000.00"
5766864,"$748.00"
5766863,"$4,000.00"
5766861,"$719.00"
5766860,"$719.00"
5766859,"$719.00"
5766858,"$719.00"
5766857,"$4,600.00"
5766855,"$4,000.00"
5766854,"$4,000.00"
5766853,"$4,000.00"
5766850,"$719.00"
5766849,"$719.00"
5766848,"$719.00"
5766847,"$4,600.00"
5766846,"$4,000.00"
5766845,"$4,000.00"
5766844,"$4,000.00"
5766841,"$719.00"
5766839,"$4,000.00"
5766838,"$4,000.00"
5766836,"$4,000.00"
5766834,"$4,600.00"
5766833,"$4,000.00"
5766832,"$4,000.00"
5766831,"$4,000.00"
5766829,"$4,000.00"
5766828,"$4,000.00"
5766826,"$4,000.00"
5766824,"$4,000.00"
5766822,"$4,000.00"
5766821,"$4,956.00"
5766820,"$4,682.00"
5766819,"$4,114.00"
5766815,"$658.00"
5766814,"$658.00"
5766813,"$658.00"
5766812,"$658.00"
5766811,"$658.00"
5766810,"$658.00"
5766809,"$2,985.00"
5766808,"$2,985.00"
5766807,"$2,985.00"
5766806,"$4,487.00"
5766804,"$658.00"
5766803,"$658.00"
5766802,"$658.00"
5766801,"$2,985.00"
5766800,"$2,985.00"
5766799,"$2,985.00"
5766797,"$628.00"
5766796,"$628.00"
5766795,"$2,985.00"
5766794,"$2,985.00"
5766793,"$2,985.00"
5766792,"$4,114.00"
5766790,"$582.00"
5766789,"$582.00"
5766788,"$2,985.00"
5766787,"$2,985.00"
5766786,"$2,985.00"
5766784,"$582.00"
5766783,"$582.00"
5766781,"$2,985.00"
5766780,"$2,985.00"
5766778,"$2,985.00"
5766775,"$582.00"
5766774,"$2,985.00"
5766773,"$2,985.00"
5766772,"$2,985.00"
5766771,"$2,985.00"
5766770,"$2,985.00"
5766769,"$2,985.00"
5766768,"$4,389.00"
5766767,"$3,873.00"
5766766,"$1,946.00"
5766765,"$1,194.00"
5766764,"$2,497.00"
5766762,"$1,327.00"
5766761,"$1,360.00"
5766756,"$1,667.00"
5766754,"$1,078.00"
5766753,"$1,497.00"
5766752,"$281.00"
5766751,"$1,796.00"
5766750,"$2,401.00"
5766749,"$1,796.00"
5766747,"$1,422.00"
5766746,"$1,855.00"
5766745,"$1,489.00"
5766744,"$1,993.00"
5766743,"$1,624.00"
5766742,"$1,853.00"
5766741,"$1,489.00"
5766740,"$527.00"
5766739,"$883.00"
5766738,"$1,990.00"
5766737,"$1,469.00"
5766736,"$1,990.00"
5766735,"$1,469.00"
5766734,"$552.00"
5766733,"$347.00"
5766732,"$1,188.00"
5766731,"$4,344.00"
5766730,"$3,081.00"
5766729,"$44.00"
5766727,"$3,227.00"
5766725,"$3,081.00"
5766724,"$4,551.00"
5766723,"$3,081.00"
5766718,"$4,423.00"
5766716,"$5,454.00"
5766714,"$3,772.00"
5766713,"$3,566.00"
5766712,"$4,551.00"
5766711,"$3,081.00"
5766710,"$4,226.00"
5766709,"$5,454.00"
5766707,"$3,404.00"
5766705,"$4,633.00"
5766704,"$4,428.00"
5766702,"$5,454.00"
5766700,"$4,667.00"
5766699,"$3,772.00"
5766698,"$3,566.00"
5766697,"$4,226.00"
5766696,"$5,454.00"
5766694,"$3,404.00"
5766692,"$4,428.00"
5766690,"$5,095.00"
5766688,"$3,772.00"
5766687,"$3,404.00"
5766660,"$4,934.00"
5766658,"$2,891.00"
5766657,"$1,439.00"
5766656,"$1,439.00"
5766655,"$1,920.00"
5766654,"$1,567.00"
5766653,"$1,920.00"
5766652,"$1,567.00"
5766651,"$1,920.00"
5766650,"$1,567.00"
5766649,"$1,920.00"
5766648,"$1,567.00"
5766646,"$4,523.00"
5766645,"$5,075.00"
5766644,"$4,523.00"
5766642,"$240.00"
5766641,"$779.00"
5766640,"$739.00"
5766639,"$457.00"
5766638,"$284.00"
5766637,"$227.00"
5766636,"$600.00"
5766635,"$686.00"
5766634,"$534.00"
5766633,"$981.00"
5766632,"$233.00"
5766631,"$250.00"
5766630,"$365.00"
5766621,"$291.00"
5766619,"$1,024.00"
5766618,"$2,255.00"
5766617,"$2,042.00"
5766615,"$154.00"
5766614,"$1,253.00"
5766609,"$14,217.00"
5766608,"$12,634.00"
5766607,"$14,217.00"
5766606,"$12,634.00"
5766605,"$14,217.00"
5766604,"$12,634.00"
5766603,"$2,568.00"
5766602,"$1,657.00"
5766601,"$1,216.00"
5766600,"$2,004.00"
5766599,"$1,470.00"
5766598,"$77.00"
5766597,"$2,545.00"
5766596,"$2,386.00"
5766595,"$1,775.00"
5766594,"$1,625.00"
5766593,"$1,549.00"
5766592,"$1,549.00"
5766591,"$1,562.00"
5766590,"$177.00"
5766588,"$108.00"
5766587,"$97.00"
5766586,"$294.00"
5766585,"$7,135.00"
5766584,"$7,564.00"
5766583,"$5,162.00"
5766582,"$4,247.00"
5766581,"$3,482.00"
5766580,"$5,378.00"
5766576,"$5,902.00"
5766575,"$5,982.00"
5766574,"$6,212.00"
5766572,"$3,183.00"
5766571,"$3,413.00"
5766570,"$3,614.00"
5766569,"$7,788.00"
5766568,"$9,885.00"
5766567,"$10,704.00"
5766566,"$15,892.00"
5766565,"$19,259.00"
5766564,"$29,277.00"
5766563,"$28,418.00"
5766562,"$5,112.00"
5766561,"$6,703.00"
5766560,"$6,980.00"
5766559,"$10,034.00"
5766558,"$9,848.00"
5766557,"$7,858.00"
