"id", "catalog_number"
"6423832","ZE2208MB"
"6421840","IPLR100U100"
"6391313","SWE8105A"
"6375998","ZE2408EB"
"6373443","PID502A"
"6371718","SWE8200DS"
"6371717","SWE8112B"
"6371510","ZE2408PB"
"6371343","ZU4204TE-QR"
"6370904","ZW2408MB"
"6370877","RR15013"
"6348840","RR5006-500"
"6348839","HCR5006"
"6329867","DD3398070"
"6329866","CF927038"
"6316907","ZU4408SE-H"
"6283404","HP-2103"
"6264096","HCR6006"
"6264082","CHM6"
"6249797","ZE2208ME"
"6152864","PID-401A"
"6097774","VMC3343K"
"6096258","RLP28412"
"6096252","RLP28405"
"6096183","RLP11315"
"6096176","RLP11090M"
"6096168","RLP11302"
"6096129","RLP5215"
"6096126","RLP5212"
"6096123","RLP5209"
"6096073","ZU4708MB"
"6095999","XC1502TE"
"6095983","ZU4608MB"
"6095946","ZE4204TB-QHR"
"6095891","THQ702T"
"6095823","RSL28000"
"6095821","RSL11000"
"6095819","RSL5000"
"6095818","RSL3000"
"6095784","RLP3203"
"6095780","RLP3200"
"6095777","RLP3113"
"6095673","LWC16"
"6095664","LGHMS324H"
"6095622","RARH602"
"6095620","RARH306"
"6095555","LGHNC224"
"6095542","LGM305"
"6095540","LA2504TX-QR"
"6095378","EP3504TI"
"6095377","EP3504TB"
"6095298","CATS103"
"6095279","AW89"
"6095277","AMGC41"
"6093612","ZR3410MB"
"6092451","LGM318"
"6092449","LGM306"
"6092301","W2206R202D"
"6092158","GT7-LCB"
"6054648","CATS52"
"6054582","CATS13"
"6054516","LGHNC314"
"6054456","CATS12"
"6043209","CATS53"
"6042957","002KY0028178."
"6040789","LGH-310"
"6040783","LGH-210"
"6040649","ZE5840LJ"
"6040648","LPL2502K"
"6039447","ZU4208TI-QH"
"6028145","11100KU"
"6015360","BSS 6350D"
"6015359","ENP-JBI10"
"6015358","ENP-JBI25"
"5979101","CATS100"
"5978982","ZE3410SB-H"
"5978943","ZU4208TE-QR"
"5977632","RCH503K"
"5977275","HCG40012"
"5977248","1440008-01"
"5947149","ZW5420LJ-FG"
"5947148","ZW5420LG-FG"
"5947147","ZW5420LB-FG"
"5947146","ZW5410FJ-FT"
"5947145","ZW5410FG-FT"
"5947144","ZW5410FB-FT"
"5947143","ZW5410DJ-FT"
"5947142","ZW5410DG-FT"
"5947141","ZW5410DB-FT"
"5947140","ZW5020HG-FG41"
"5947139","ZW5020HG-FG21"
"5947138","ZW5020HG-FG12"
"5947137","ZW5020HG-FG01"
"5947136","ZW5020HB-FG12"
"5947135","ZW5020HB-FG01"
"5947134","ZW5010GJ-11"
"5947133","ZW5010GG-11"
"5947132","ZW5010GB-11"
"5947131","ZW4420LJ-FG"
"5947130","ZW4420LG-FG"
"5947129","ZW4420LB-FG"
"5947128","ZW4410FJ-FT"
"5947127","ZW4410FG-FT"
"5947126","ZW4410FB-FT"
"5947125","ZW4410DJ-FT"
"5947124","ZW4410DG-FT"
"5947123","ZW4410DB-FT"
"5947122","ZW4210LB-T"
"5947121","ZW4020HG-FG41"
"5947120","ZW4020HG-FG12"
"5947119","ZW4020HG-FG01"
"5947118","ZW4020HG-FG21"
"5947117","ZW4020HB-FG12"
"5947116","ZW4020HB-FG01"
"5947115","ZW4010GJ-11"
"5947114","ZW4010GG-11"
"5947113","ZW4010GB-11"
"5947112","ZW3410FI-FT"
"5947111","ZW3410FE-FT"
"5947110","ZW3410FB-FT"
"5947109","ZW3410DI-FT"
"5947108","ZW3410DE-FT"
"5947107","ZW3410DB-FT"
"5947106","ZW3408FI-FT"
"5947105","ZW3408FE-FT"
"5947104","ZW3408FB-FT"
"5947103","ZW3408DI-FT"
"5947102","ZW3408DE-FT"
"5947101","ZW3408DB-FT"
"5947100","ZW3010HI-FT01"
"5947099","ZW3010HE-FT01"
"5947098","ZW3010HB-FT01"
"5947097","ZW3008HI-FT01"
"5947096","ZW3008HE-FT01"
"5947095","ZW3008HB-FT01"
"5947092","ZAJ-06505S2C"
"5947091","ZAJ-06505S1C"
"5947090","ZAJ-06505M1"
"5947087","WUD1301E"
"5947086","WUD1301B"
"5947085","WUD1300E"
"5947084","WUD1300B"
"5947083","WUD1101E"
"5947082","WUD1101B"
"5947081","WUD1100E"
"5947080","WUD1100B"
"5947079","WTR-24"
"5947074","WSL-442"
"5947073","WSL-441"
"5947072","WSL-332"
"5947071","WSL-331"
"5947070","WSL-222"
"5947069","WSL-221"
"5947068","WSL-112"
"5947067","WSL-111"
"5947066","WSC-222"
"5947065","WSC-112"
"5947064","WSC-72"
"5947063","WRT-22"
"5947062","WRT-21"
"5947061","WPTS200V"
"5947060","WPTS100V"
"5947059","WPTR300V"
"5947058","WPTR100V"
"5947057","WPTN300V"
"5947056","WPTN100V"
"5947055","WPTL300V"
"5947054","WPTL100V"
"5947053","WPTC210V"
"5947052","WPTC110V"
"5947051","WPFS450V"
"5947050","WPFS200V"
"5947049","WPFS100V"
"5947048","WPFN300V"
"5947047","WPFN100V"
"5947046","WPFN50V"
"5947045","WPFR300V"
"5947044","WPFL300V"
"5947043","WPFR100V"
"5947042","WPFL100V"
"5947041","WPFR50V"
"5947040","WPFL50V"
"5947039","WPFC210V"
"5947038","WPFC110V"
"5947035","WMT-40"
"5947034","WMT-39"
"5947032","WFT-72"
"5947031","WFT-71"
"5947030","WFM-72"
"5947029","WFM-71"
"5947028","WFL-442"
"5947027","WFL-441"
"5947026","WFL-332"
"5947025","WFL-331"
"5947024","WFL-222"
"5947023","WFL-221"
"5947022","WFL-112"
"5947021","WFL-111"
"5947020","WFC-72"
"5947019","WFC-222"
"5947018","WFC-112"
"5947017","WET-1201B"
"5947016","WES-1401E"
"5947015","WES-1401B"
"5947014","WES-1301B"
"5947013","WES-1201E"
"5947012","WES-1201B"
"5947011","WER-1501I"
"5947010","WER-1501E"
"5947009","WER-1501D"
"5947008","WER-1501B"
"5947007","WER-1401F"
"5947006","WER-1401D"
"5947005","WER-1401B"
"5947004","WER-1301D"
"5947003","WER-1301B"
"5947002","WEM-1501F"
"5947001","WEM-1501E"
"5947000","WEM-1501D"
"5946999","WEM-1501B"
"5946998","WEM-1401E"
"5946997","WEM-1401D"
"5946996","WEM-1401B"
"5946995","WEM-1301F"
"5946994","WEM-1301B"
"5946993","WEM-1201F"
"5946992","WEM-1201E"
"5946991","WEM-1201D"
"5946990","WEM-1201B"
"5946989","WEJ-1501F"
"5946988","WEJ-1501E"
"5946987","WEJ-1501D"
"5946986","WEJ-1501B"
"5946985","WEJ-1401E"
"5946984","WEJ-1401B"
"5946983","WEJ-1201B"
"5946982","WED-1101B"
"5946978","WAT-2A"
"5946977","WAT-1"
"5946976","WAP-30008D"
"5946975","WAP-15008D"
"5946974","WAP-07008D"
"5946973","WA-502"
"5946972","WA-5010"
"5946971","VST2210D"
"5946970","VST1410D"
"5946905","TRFM-4012C"
"5946904","TRFM-4012"
"5946903","TRFM-4010C"
"5946902","TRFM-4010"
"5946901","TRFM-4006C"
"5946900","TRFM-4006"
"5946899","TRFM-4004C"
"5946898","TRFM-4004"
"5946897","TRFM-4002C"
"5946896","TRFM-4002"
"5946895","TRFM-3212C"
"5946894","TRFM-3212"
"5946893","TRFM-3210C"
"5946892","TRFM-3210"
"5946891","TRFM-3206C"
"5946890","TRFM-3206"
"5946889","TRFM-3204C"
"5946888","TRFM-3204"
"5946887","TRFM-3202C"
"5946886","TRFM-3202"
"5946885","TRFM-2520"
"5946884","TRFM-2512C"
"5946883","TRFM-2512"
"5946882","TRFM-2510C"
"5946881","TRFM-2510"
"5946880","TRFM-2506C"
"5946879","TRFM-2506"
"5946878","TRFM-2504C"
"5946877","TRFM-2504"
"5946876","TRFM-2502C"
"5946875","TRFM-2502"
"5946874","TRFM-2012C"
"5946873","TRFM-2012"
"5946872","TRFM-2010C"
"5946871","TRFM-2010"
"5946870","TRFM-2006C"
"5946869","TRFM-2006"
"5946868","TRFM-2004C"
"5946867","TRFM-2004"
"5946866","TRFM-2002C"
"5946865","TRFM-2002"
"5946864","TRFM-1512C"
"5946863","TRFM-1512"
"5946862","TRFM-1510C"
"5946861","TRFM-1510"
"5946860","TRFM-1506C"
"5946859","TRFM-1506"
"5946858","TRFM-1504C"
"5946857","TRFM-1504"
"5946856","TRFM-1502C"
"5946855","TRFM-1502"
"5946854","TRFL-4012C"
"5946853","TRFL-4012"
"5946852","TRFL-4010C"
"5946851","TRFL-4010"
"5946850","TRFL-4006C"
"5946849","TRFL-4006"
"5946848","TRFL-4004C"
"5946847","TRFL-4004"
"5946846","TRFL-4002C"
"5946845","TRFL-4002"
"5946844","TRFL-3212C"
"5946843","TRFL-3212"
"5946842","TRFL-3210C"
"5946841","TRFL-3210"
"5946840","TRFL-3206C"
"5946839","TRFL-3206"
"5946838","TRFL-3204C"
"5946837","TRFL-3204"
"5946836","TRFL-3202C"
"5946835","TRFL-3202"
"5946834","TRFL-2512C"
"5946833","TRFL-2512"
"5946832","TRFL-2510C"
"5946831","TRFL-2510"
"5946830","TRFL-2506C"
"5946829","TRFL-2506"
"5946828","TRFL-2504C"
"5946827","TRFL-2504"
"5946826","TRFL-2502C"
"5946825","TRFL-2502"
"5946824","TRFL-2012C"
"5946823","TRFL-2012"
"5946822","TRFL-2010C"
"5946821","TRFL-2010"
"5946820","TRFL-2006C"
"5946819","TRFL-2006"
"5946818","TRFL-2004C"
"5946817","TRFL-2004"
"5946816","TRFL-2002C"
"5946815","TRFL-2002"
"5946814","TRFL-1512C"
"5946813","TRFL-1512"
"5946812","TRFL-1510C"
"5946811","TRFL-1510"
"5946810","TRFL-1506C"
"5946809","TRFL-1506"
"5946808","TRFL-1504C"
"5946807","TRFL-1504"
"5946806","TRFL-1502C"
"5946805","TRFL-1502"
"5946804","TRCM-4012C"
"5946803","TRCM-4012"
"5946802","TRCM-4010C"
"5946801","TRCM-4010"
"5946800","TRCM-4006C"
"5946799","TRCM-4006"
"5946798","TRCM-4004C"
"5946797","TRCM-4004"
"5946796","TRCM-4002C"
"5946795","TRCM-4002"
"5946794","TRCM-3212C"
"5946793","TRCM-3212"
"5946792","TRCM-3210C"
"5946791","TRCM-3210"
"5946790","TRCM-3206C"
"5946789","TRCM-3206"
"5946788","TRCM-3204C"
"5946787","TRCM-3204"
"5946786","TRCM-3202C"
"5946785","TRCM-3202"
"5946784","TRCM-2512C"
"5946783","TRCM-2512"
"5946782","TRCM-2510C"
"5946781","TRCM-2510"
"5946780","TRCM-2506C"
"5946779","TRCM-2506"
"5946778","TRCM-2504C"
"5946777","TRCM-2504"
"5946776","TRCM-2502C"
"5946775","TRCM-2502"
"5946774","TRCM-2012C"
"5946773","TRCM-2012"
"5946772","TRCM-2010C"
"5946771","TRCM-2010"
"5946770","TRCM-2006C"
"5946769","TRCM-2006"
"5946768","TRCM-2004C"
"5946767","TRCM-2004"
"5946766","TRCM-2002C"
"5946765","TRCM-2002"
"5946764","TRCM-1512C"
"5946763","TRCM-1512"
"5946762","TRCM-1510C"
"5946761","TRCM-1510"
"5946760","TRCM-1506C"
"5946759","TRCM-1506"
"5946758","TRCM-1504C"
"5946757","TRCM-1504"
"5946756","TRCM-1502C"
"5946755","TRCM-1502"
"5946748","SP-621"
"5946729","SURS-7202"
"5946728","SURD-7202"
"5946727","SULS-7202"
"5946726","SULD-7202"
"5946725","SURS-792"
"5946724","SURD-792"
"5946723","SULS-792"
"5946722","SULD-792"
"5946721","SURS-772"
"5946720","SURD-772"
"5946719","SULS-772"
"5946718","SULD-772"
"5946717","SURS-752"
"5946716","SURD-752S"
"5946715","SURD-752"
"5946714","SULS-752"
"5946713","SULD-752"
"5946712","SURS-732"
"5946711","SURD-732"
"5946710","SULS-732"
"5946709","SULD-732"
"5946708","SURS-722"
"5946707","SURD-722"
"5946706","SULS-722"
"5946705","SULD-722S"
"5946704","SULD-722"
"5946703","SURDL-352"
"5946702","SURDL-351"
"5946701","SULDL-352"
"5946700","SULDL-351"
"5946699","SUSDL-201"
"5946698","SURDL-201"
"5946697","SULDL-201"
"5946696","SLRDL-201"
"5946695","SLLDL-201"
"5946694","SUSDL-121"
"5946693","SURDL-121"
"5946692","SULDL-121"
"5946691","SUSDL-92"
"5946690","SURDL-92"
"5946689","SULDL-92"
"5946688","SUSDL-51"
"5946687","SURDL-51"
"5946686","SULDL-51"
"5946685","SLSDL-51"
"5946684","SLRDL-51"
"5946683","SLLDL-51"
"5946682","SUSS-352"
"5946681","SUSS-351"
"5946680","SURS-352"
"5946679","SURS-351"
"5946678","SULS-352"
"5946677","SULS-351"
"5946676","SUSS-202"
"5946675","SUSS-201"
"5946674","SURS-202"
"5946673","SURS-201"
"5946672","SULS-202"
"5946671","SULS-201"
"5946670","SUSS-121"
"5946669","SURS-121"
"5946668","SULS-121"
"5946667","SUSS-92"
"5946666","SURS-92"
"5946665","SULS-92"
"5946664","SUSS-52"
"5946663","SUSS-51"
"5946662","SURS-52"
"5946661","SURS-51"
"5946660","SULS-52"
"5946659","SULS-51"
"5946658","SUSS-21"
"5946657","SURS-22"
"5946656","SURS-21"
"5946655","SULS-22"
"5946654","SULS-21"
"5946653","SUSD-352"
"5946652","SUSD-351"
"5946651","SURD-352"
"5946650","SURD-351"
"5946649","SULD-352"
"5946648","SULD-351"
"5946647","SUSD-202"
"5946646","SUSD-201"
"5946645","SURD-202"
"5946644","SURD-201"
"5946643","SULD-202"
"5946642","SULD-201"
"5946641","SUSD-121"
"5946640","SURD-121"
"5946639","SULD-121"
"5946638","SUSD-92"
"5946637","SURD-92"
"5946636","SULD-92"
"5946635","SUSD-52"
"5946634","SUSD-51"
"5946633","SURD-52"
"5946632","SURD-51"
"5946631","SULD-52"
"5946630","SULD-51"
"5946629","SUSD-22"
"5946628","SUSD-21"
"5946627","SURD-22"
"5946626","SURD-21"
"5946625","SULD-22"
"5946624","SULD-21"
"5946623","STSS-352"
"5946622","STSS-351"
"5946621","STRS-352"
"5946620","STRS-351"
"5946619","STLS-352"
"5946618","STLS-351"
"5946617","STSS-202"
"5946616","STSS-201"
"5946615","STRS-202"
"5946614","STRS-201"
"5946613","STLS-202"
"5946612","STLS-201"
"5946611","STSS-121"
"5946610","STRS-121"
"5946609","STLS-121"
"5946608","STSS-100"
"5946607","STRS-100"
"5946606","STLS-100"
"5946605","STSS-92"
"5946604","STRS-92"
"5946603","STLS-92"
"5946602","STSS-52"
"5946601","STSS-51"
"5946600","STRS-52"
"5946599","STRS-51"
"5946598","STLS-52"
"5946597","STLS-51"
"5946596","STSS-22"
"5946595","STSS-21"
"5946594","STRS-22"
"5946593","STRS-21"
"5946592","STLS-22"
"5946591","STLS-21"
"5946590","STSD-352"
"5946589","STSD-351"
"5946588","STRD-352"
"5946587","STRD-351"
"5946586","STLD-352"
"5946585","STLD-351"
"5946584","STSD-202"
"5946583","STSD-201"
"5946582","STRD-202"
"5946581","STRD-201"
"5946580","STLD-202"
"5946579","STLD-201"
"5946578","STRDL-121"
"5946577","STLDL-121"
"5946576","STSD-121"
"5946575","STRD-121"
"5946574","STLD-121"
"5946573","STSD-100"
"5946572","STRD-100"
"5946571","STLD-100"
"5946570","STSD-92"
"5946569","STRD-92"
"5946568","STLD-92"
"5946567","STSD-52"
"5946566","STSD-51"
"5946565","STRD-52"
"5946564","STRD-51"
"5946563","STLD-52"
"5946562","STLD-51"
"5946561","STSD-21"
"5946560","STRD-22"
"5946559","STRD-21"
"5946558","STLD-22"
"5946557","STLD-21"
"5946556","SLSS-352"
"5946555","SLSS-351"
"5946554","SLRS-352"
"5946553","SLRS-351"
"5946552","SLLS-352"
"5946551","SLLS-351"
"5946550","SLSS-202"
"5946549","SLSS-201"
"5946548","SLRS-202"
"5946547","SLRS-201"
"5946546","SLLS-202"
"5946545","SLLS-201"
"5946544","SLSS-121"
"5946543","SLRS-121"
"5946542","SLSS-92"
"5946541","SLRS-92"
"5946540","SLLS-92"
"5946539","SLSS-52"
"5946538","SLSS-51"
"5946537","SLRS-52"
"5946536","SLRS-51"
"5946535","SLLS-52"
"5946534","SLLS-51"
"5946533","SLSS-22"
"5946532","SLSS-21"
"5946531","SLRS-22"
"5946530","SLRS-21"
"5946529","SLLS-22"
"5946528","SLLS-21"
"5946527","SLSD-352"
"5946526","SLSD-351"
"5946525","SLRD-352"
"5946524","SLRD-351"
"5946523","SLLD-352"
"5946522","SLLD-351"
"5946521","SLSD-202"
"5946520","SLSD-201"
"5946519","SLRD-202"
"5946518","SLRD-201"
"5946517","SLLD-202"
"5946516","SLLD-201"
"5946515","SLSD-121"
"5946514","SLRD-121"
"5946513","SLLD-121"
"5946512","SLSD-92"
"5946511","SLRD-92"
"5946510","SLLD-92"
"5946509","SLSD-52"
"5946508","SLSD-51"
"5946507","SLRD-52"
"5946506","SLRD-51"
"5946505","SLLD-52"
"5946504","SLLD-51"
"5946503","SLSD-22"
"5946502","SLSD-21"
"5946501","SLRD-22"
"5946500","SLRD-21"
"5946499","SLLD-22"
"5946498","SLLD-21"
"5946480","SCSS-52"
"5946479","SCSS-22"
"5946478","SCSD-122"
"5946477","SCSD-52"
"5946476","SCSD-22"
"5946475","SCRS-122"
"5946474","SCRS-52"
"5946473","SCRS-22"
"5946472","SCRD-122"
"5946471","SCRD-52"
"5946470","SCRD-22"
"5946469","SCLS-122"
"5946468","SCLS-52"
"5946467","SCLS-22"
"5946466","SCLD-122"
"5946465","SCLD-52"
"5946464","SCLD-22"
"5946463","SC-3"
"5946462","SC-1"
"5946461","RWH-302"
"5946460","RWH-301"
"5946459","RWH-300"
"5946458","RWH-202"
"5946457","RWH-200"
"5946456","RWH-120"
"5946455","RWH-20U001"
"5946454","RWH-20"
"5946453","RW-106"
"5946452","RW-104"
"5946451","RW-102"
"5946450","RW-101"
"5946449","RW-55"
"5946448","RW-53"
"5946447","RW-51"
"5946446","RW-50"
"5946445","RW-41"
"5946442","QDH-120"
"5946440","PUSS-121"
"5946439","PUSS-52"
"5946438","PUSS-51"
"5946437","PUSD-121"
"5946436","PUSD-92"
"5946435","PUSD-351"
"5946434","PUSD-52"
"5946433","PUSD-51"
"5946432","PTSS-121"
"5946431","PTSS-52"
"5946430","PTSS-51"
"5946429","PTSD-121"
"5946428","PTSD-92"
"5946427","PTSD-52"
"5946426","PTSD-351"
"5946425","PTSD-51"
"5946420","PSB-7102"
"5946406","PLSS-121"
"5946405","PLSS-52"
"5946404","PLSS-51"
"5946403","PLSD-121"
"5946402","PLSD-92"
"5946401","PLSD-52"
"5946400","PLSD-51"
"5946399","PLSD-351"
"5946398","PINV-902"
"5946397","PINV-662"
"5946396","PINV-502"
"5946393","PINV-282"
"5946392","PINV-202"
"5946391","PINV-152"
"5946390","PIN-902F"
"5946389","PIN-901F"
"5946388","PIN-662F"
"5946387","PIN-661F"
"5946386","PIN-502F"
"5946385","PIN-501F"
"5946384","PIN-402F"
"5946383","PIN-401F"
"5946382","PIN-322F"
"5946381","PIN-321F"
"5946380","PIN-282F"
"5946379","PIN-281F"
"5946378","PIN-202F"
"5946377","PIN-201F"
"5946376","PIN-152F"
"5946375","PIN-151F"
"5946374","PIDV-902"
"5946373","PIDV-662"
"5946372","PIDV-502"
"5946371","PIDV-402"
"5946370","PIDV-322"
"5946369","PIDV-282"
"5946368","PIDV-202"
"5946367","PIDV-152"
"5946366","PIDE-201"
"5946365","PID-902F"
"5946364","PID-901F"
"5946363","PID-662F"
"5946362","PID-662"
"5946361","PID-661F"
"5946360","PID-661"
"5946359","PID-502F"
"5946358","PID-502"
"5946357","PID-501F"
"5946356","PID-501"
"5946355","PID-402F"
"5946354","PID-402"
"5946353","PID-401F"
"5946352","PID-401"
"5946351","PID-322F"
"5946350","PID-322"
"5946349","PID-321F"
"5946348","PID-321"
"5946347","PID-282F"
"5946346","PID-281F"
"5946345","PID-202F"
"5946344","PID-201F"
"5946343","PID-152F"
"5946342","PID-151F"
"5946339","PATG-51S8N"
"5946338","PATG-31S8N"
"5946337","PASG-50S8S"
"5946336","PASG-30S8S"
"5946335","PARG-51S8N"
"5946334","PARG-31S8N"
"5946333","PAMG-54S8N"
"5946332","PAMG-34S8N"
"5946331","PACG50S8S-WM10"
"5946330","PACG50S8S-MB4"
"5946329","PACG50S8S-MB2"
"5946328","PACG50S8S"
"5946327","PACG30S8S-WM10"
"5946326","PACG30S8S-MB4"
"5946325","PACG30S8S-MB2"
"5946324","PACG30S8S"
"5946323","PATG-5105NB"
"5946322","PATG-5102PB"
"5946321","PATG-5102NB"
"5946320","PATG-3105NB"
"5946319","PATG-3102PB"
"5946318","PATG-3102NB"
"5946317","PASG-5005SB"
"5946316","PASG-5002SB"
"5946315","PASG-5002PB"
"5946314","PASG-3005SB"
"5946313","PASG-3002SB"
"5946312","PASG-3002PB"
"5946311","PARG-5105NB"
"5946310","PARG-5102NB"
"5946309","PARG-3105NB"
"5946308","PARG-3102NB"
"5946307","PAMG-5405NB"
"5946306","PAMG-5402PB"
"5946305","PAMG-5402NB"
"5946304","PAMG-3405NB"
"5946303","PAMG-3402PB"
"5946302","PAMG-3402NB"
"5946301","PACG-5005SB"
"5946300","PACG-5002SB"
"5946299","PACG-5002PB"
"5946298","PACG-3005SB"
"5946297","PACG-3002SB"
"5946296","PACG-3002PB"
"5946295","PA-136"
"5946294","PA-135"
"5946285","MS-4131ST"
"5946284","MS-471ST"
"5946283","MRS-5001"
"5946282","MRS-3001"
"5946281","MRS-2001"
"5946280","MRS-1001"
"5946279","MRS-5"
"5946278","MRS-2"
"5946277","MRS-1"
"5946276","MRH-120"
"5946275","MRH-20"
"5946274","MPTS200V"
"5946273","MPTS100V"
"5946272","MPTR300V"
"5946271","MPTR100V"
"5946270","MPTN300V"
"5946269","MPTN100V"
"5946268","MPTL300V"
"5946267","MPTL100V"
"5946266","MPTC210V"
"5946265","MPTC110V"
"5946264","MPFS450V"
"5946263","MPFS200V"
"5946262","MPFS100V"
"5946261","MPFR300V"
"5946260","MPFR100V"
"5946259","MPFR50V"
"5946258","MPFN300V"
"5946257","MPFN100V"
"5946256","MPFN50V"
"5946255","MPFL300V"
"5946254","MPFL100V"
"5946253","MPFL50V"
"5946252","MPFC210V"
"5946251","MPFC110V"
"5946122","HCS-110"
"5946121","HCS-80"
"5946120","HCS-50"
"5946119","HCS-20"
"5946050","FN482"
"5946021","CYDA-15"
"5946020","CY2754-5"
"5946019","CY2129-5"
"5946018","CY2129-25"
"5946017","CY1254-25"
"5946010","CST-40502"
"5946009","CST-40501"
"5946008","CST-40382"
"5946007","CST-40381"
"5946006","CST-40252"
"5946005","CST-40251"
"5946004","CST-40132"
"5946003","CST-40131"
"5946002","CST-27502"
"5946001","CST-27501"
"5946000","CST-27252"
"5945999","CST-27251"
"5945998","CST-27152"
"5945997","CST-27151"
"5945996","CST-18502"
"5945995","CST-18501"
"5945994","CST-18382"
"5945993","CST-18381"
"5945992","CST-18252"
"5945991","CST-18251"
"5945990","CST-18132"
"5945989","CST-18131"
"5945988","CST-10382"
"5945987","CST-10252"
"5945986","CST-10192"
"5945985","CST-10132"
"5945984","CST-1072"
"5945983","CST-9381"
"5945982","CST-9251"
"5945981","CST-9191"
"5945980","CST-9131"
"5945979","CST-971"
"5945978","CST-5382"
"5945977","CST-5252"
"5945976","CST-5192"
"5945975","CST-5132"
"5945974","CST-572"
"5945973","CST-4381"
"5945972","CST-4251"
"5945971","CST-4191"
"5945970","CST-4131"
"5945969","CST-471"
"5945968","CST-2132"
"5945967","CST-2131"
"5945966","CST-2101"
"5945965","CST-272"
"5945964","CST-271"
"5945963","CSM-27252"
"5945962","CSM-27251"
"5945961","CSM-27152"
"5945960","CSM-27151"
"5945959","CSM-18252"
"5945958","CSM-18251"
"5945957","CSM-18132"
"5945956","CSM-18131"
"5945955","CSM-10192"
"5945954","CSM-10191"
"5945953","CSM-10132"
"5945952","CSM-10131"
"5945951","CSM-1072"
"5945950","CSM-1071"
"5945949","CSM-5132"
"5945948","CSM-572"
"5945947","CSM-571"
"5945946","CSM-2132"
"5945945","CSM-2131"
"5945944","CSM-271"
"5945943","CDT-40502"
"5945942","CDT-40501"
"5945941","CDT-40382"
"5945940","CDT-40381"
"5945939","CDT-40252"
"5945938","CDT-40251"
"5945937","CDT-40132"
"5945936","CDT-40131"
"5945935","CDT-27502"
"5945934","CDT-27501"
"5945933","CDT-27252"
"5945932","CDT-27251"
"5945931","CDT-27152"
"5945930","CDT-27151"
"5945929","CDT-18502"
"5945928","CDT-18501"
"5945927","CDT-18382"
"5945926","CDT-18381"
"5945925","CDT-18252"
"5945924","CDT-18251"
"5945923","CDT-18132"
"5945922","CDT-18131"
"5945918","CSB-70252"
"5945917","CSB-40252"
"5945916","CSB-18252"
"5945915","CSB-10182"
"5945914","CDB-280562"
"5945913","CDB-180502"
"5945912","CDB-180252"
"5945911","CDB-70502"
"5945910","CDB-70252"
"5945909","CDB-40502"
"5945908","CDB-40252"
"5945907","CDB-18502"
"5945906","CDB-18202"
"5945905","CDB-10362"
"5945904","CDB-10162"
"5945848","BRW-1010"
"5945847","BRW-106"
"5945846","BRW-104"
"5945845","BRW-102"
"5945844","BRW-101"
"5945843","BRW-55"
"5945842","BRW-53"
"5945841","BRW-51"
"5945840","BRD-2510"
"5945839","BRD-256"
"5945838","BRD-1610"
"5945837","BRD-166"
"5945836","BRD-96"
"5945835","BRD-93"
"5945834","BRD-910"
"5945833","BRD-91"
"5945832","BRD-46"
"5945831","BRD-43"
"5945830","BRD-41"
"5945825","BAD183"
"5945813","B-5003"
"5945812","B-3006"
"5945811","B-171"
"5945810","B-81"
"5945803","ASC-100"
"5945802","ASC-30"
"5945800","AP-500"
"5945797","AHB-66V"
"5945796","AHB-46V"
"5945795","AHB-34V"
"5945794","AHB-17V"
"5945793","AHB-66"
"5945792","AHB-46"
"5945791","AHB-34"
"5945790","AHB-17"
"5945786","ACM-1"
"5945785","ACL-502A"
"5945784","ACL-202A"
"5945783","ACL-201A"
"5945782","ACL-22A"
"5945781","ACL-21A"
"5945780","ACBS-202A"
"5945779","ACBS-22A"
"5945427","MRS3001K"
"5944734","ZE3K"
"5944621","XC1VHK"
"5944066","W2000RLK"
"5943971","VMC3343KL"
"5943969","VM4K3"
"5943636","S3000RK"
"5943574","RSM100K"
"5943557","RR5013K1"
"5943541","RR1006K"
"5943485","RCS1002K"
"5943479","RCH302K2"
"5943437","RC506K"
"5943372","RC102K"
"5943197","PATG1100K"
"5943165","P80PGK"
"5943162","P80K8"
"5943159","P80K4"
"5943117","P39K4"
"5943110","P392E024K"
"5943099","P2282K1"
"5942806","IPL100-SEAK"
"5942278","E393GK2"
"5942270","E392GK1"
"5941777","DD1782020"
"5941771","DD1775271"
"5941770","DD1774271"
"5941769","DD1773271"
"5941689","DD1321900SR"
"5941688","DD1320900SR"
"5941687","DD1319900SR"
"5941649","DD1121900SR"
"5941642","DD1106900SR"
"5941641","DD1103900SR"
"5941610","DC9970025SR"
"5941586","DC9814259SR"
"5941545","DC9704900SR"
"5941543","DC9700900SR"
"5941525","DC9656259"
"5941442","DC9300920SR"
"5941441","DC9299920SR"
"5941435","DC9281900SR"
"5941433","DC9278900SR"
"5941430","DC9244920"
"5941426","DC9221101"
"5941423","DC9216101"
"5941331","DC8180827"
"5941179","DC7129190K"
"5940986","DC4321900SR"
"5940976","DC394110"
"5940846","DC1244271"
"5940618","DA5290900SR1"
"5940539","DA4802051SR"
"5940357","DA2556044"
"5940107","CUSP100K"
"5940084","CU724167"
"5940052","CU293167"
"5939685","CL402271"
"5939548","CH203950SR"
"5939547","CH202950SR"
"5939520","CF698045"
"5939258","CAA1120028-4C"
"5939100","BSS5509D"
"5938848","B1141517"
"5938836","B1131517"
"5938728","B1018803"
"5938727","B1018566"
"5938652","B1007503"
"5937423","W2200SL"
"5937421","VM-33LVAC"
"5937420","PTA-1404Q"
"5937419","HCRL-30012"
"5937418","HCRL-30010"
"5937417","HCRL-3008"
"5937416","HCRL-3006"
"5937415","HCRL-25012"
"5937414","HCRL-25010"
"5937413","HCRL-2508"
"5937412","HCRL-2506"
"5937411","HCRL-20012"
"5937410","HCRL-20010"
"5937409","HCRL-2008"
"5937408","HCRL-2006"
"5937407","HCRL-15012"
"5937406","HCRL-15010"
"5937405","HCRL-1508"
"5937404","HCRL-1506"
"5937403","HCRL-10012"
"5937402","HCRL-10010"
"5937401","HCRL-1008"
"5937400","HCRL-1006"
"5937399","HCRL-5012"
"5937398","HCRL-5010"
"5937397","HCRL-508"
"5937396","HCRL-506"
"5937394","GBJ-100A"
"5937393","GBJ-050A"
"5937392","GBJ-030A"
"5937391","GBJ-020SA"
"5937390","GBJ-020A"
"5937389","GBJ-015A"
"5937388","GBJ-010SA"
"5937387","GBJ-010A"
"5937386","GBJ-008A"
"5937385","GBJ-005A"
"5937384","GBJ-003A"
"5937383","GBJ-002A"
"5937382","GBJ-002LA"
"5937381","BLS-2006"
"5937380","BLS-1506"
"5937379","BLS-1006"
"5937378","BLS-506"
"5937375","BHP-682"
"5937374","BHP-672"
"5937373","BHP-292"
"5937372","BHP-272"
"5937371","BHP-190"
"5937370","BHP-172"
"5937369","BHP-112"
"5934999","54439"
"5905857","P391K2"
"5834137","ZE6410XW-RS"
"5834136","ZE6410XK-RS"
"5834135","ZE6410XJ-RS"
"5834134","ZE6410XW-S"
"5834133","ZE6410XK-S"
"5834132","ZE6410XJ-S"
"5834131","ZE6410XG-S"
"5834130","ZE6410XG-RS"
"5834129","ZE6210XW-RS"
"5834128","ZE6210XK-RS"
"5834127","ZE6210XJ-RS"
"5834126","ZE6210XG-RS"
"5834125","ZE6210XW-S"
"5834124","ZE6210XK-S"
"5834123","ZE6210XJ-S"
"5834122","ZE6210XG-S"
"5834121","S720EC"
"5834120","GKEC"
"5834119","EW720EC"
"5834118","CH720MC"
"5834117","CH720EC"
"5834116","CPLRKP"
"5834115","EWCH18001K"
"5834114","EWCH14001K"
"5834113","EWCH9001K"
"5834112","EWCE5501K"
"5834111","EFBE701501K"
"5834110","EFBE501701K"
"5834109","EDCH17001K"
"5834108","EDCH14501K"
"5834107","EDCH13001K"
"5834106","ECCE3201K"
"5834105","EBH5201K"
"5834104","EBH3501K"
"5834103","EBH3001K"
"5834102","EBE2601K"
"5834101","EBE2201K"
"5834100","EWCH180GPK"
"5834099","EWCH140GPK"
"5834098","EWCH90GPK"
"5834097","EDCH170GPK"
"5834096","EDCH145GPK"
"5834095","EDCH130GPK"
"5834094","EBH52GPK"
"5834093","EBH35GPK"
"5834092","EBH30GPK"
"5834091","EWCH180"
"5834090","EWCH140"
"5834089","EWCH90"
"5834088","EWCE55E"
"5834087","EWCE55B"
"5834086","EFBE7015E"
"5834085","EFBE7015B"
"5834084","EFBE5017E"
"5834083","EFBE5017B"
"5834082","EDCH170"
"5834081","EDCH145"
"5834080","EDCH130"
"5834079","ECCE32E"
"5834078","ECCE32B"
"5834077","EBH52"
"5834076","EBH35"
"5834075","EBH30"
"5834074","EBE26E"
"5834073","EBE26B"
"5834072","EBE22E"
"5834071","EBE22B"
"5832099","RCS302K"
"5832020","PREME15027L"
"5831268","ZA4208TX-QR"
"5831267","W4302R206"
"5829729","PUD1101E"
"5829661","CB894045"
"5828831","SWH6S"
"5828830","RSQ3000ST"
"5828829","RSQ1500ST"
"5828190","RSQ11000"
"5825144","BRD46"
"5824972","MP110/350KE100"
"5818699","LGHNC364"
"5818616","LGH364"
"5818424","ZE4220MI"
"5818087","Enerpac-COO"
"5817875","Enerpac-COC"
"5816852","HCL-100012"
"5815519","HCR2506"
"5815517","DC9551920"
"5815516","HCR10006"
"5815515","DA11725027"
"5812983","CATG-500"
"5803772","ZU4204TI-Q"
"5790780","DC6812110"
"5789524","DC8178827"
"5789523","DC8182827"
"5789519","ZU4208ME"
"5767513","ZUTP1500I"
"5767512","ZUTP1500E"
"5767511","ZUTP1500B"
"5767510","ZU4908PE"
"5767509","ZU4908PB"
"5767508","ZU4904PB"
"5767507","ZU4708PB"
"5767506","ZU4704PB"
"5767505","ZU4420SB"
"5767504","ZU4420MB"
"5767503","ZU4420LB"
"5767502","ZU4420KB"
"5767501","ZU4420JB"
"5767500","ZU4408SB"
"5767499","ZU4408PE"
"5767498","ZU4408PB"
"5767497","ZU4408MB"
"5767496","ZU4408LB"
"5767495","ZU4408KB"
"5767494","ZU4408JB"
"5767493","ZU4404PE"
"5767492","ZU4404PB"
"5767491","ZU4404JB"
"5767490","ZU4320MB"
"5767489","ZU4320LB"
"5767488","ZU4308SB"
"5767487","ZU4308MB"
"5767486","ZU4308LB"
"5767485","ZU4308KB"
"5767484","ZU4308JB"
"5767483","ZU4220KB"
"5767482","ZU4220JB"
"5767481","ZU4208TI-E"
"5767480","ZU4208TE-E"
"5767479","ZU4208TB-Q"
"5767478","ZU4208TB-E"
"5767477","ZU4208SB"
"5767476","ZU4208MB"
"5767475","ZU4208LB"
"5767474","ZU4208KB"
"5767473","ZU4208JB"
"5767472","ZU4208BI-QH"
"5767471","ZU4208BI-Q"
"5767470","ZU4208BE-QH"
"5767469","ZU4208BE-Q"
"5767468","ZU4208BB-Q"
"5767467","ZU4204TI-EH"
"5767466","ZU4204TI-E"
"5767465","ZU4204TE-E"
"5767464","ZU4204TB-QH"
"5767463","ZU4204TB-Q"
"5767462","ZU4204TB-EH"
"5767461","ZU4204TB-E"
"5767460","ZU4204BI-QH"
"5767459","ZU4204BE-QH"
"5767458","ZU4204BE-Q"
"5767457","ZU4204BB-QH"
"5767456","ZU4204BB-Q"
"5767455","ZU4204SB"
"5767454","ZU4204MB"
"5767453","ZU4204LB"
"5767452","ZU4204KB"
"5767451","ZU4204JB"
"5767450","ZU41108SB"
"5767449","ZU41008KB"
"5767448","ZU41008JB"
"5767447","ZU41008PB"
"5767446","ZU41008LB"
"5767445","ZU41008MB"
"5767444","ZU41008RB"
"5767443","ZU4120DB"
"5767442","ZU4108DB"
"5767441","ZU4104DB"
"5767440","ZTM-U4Q"
"5767439","ZTM-U4E"
"5767438","ZTM-Q"
"5767437","ZTM-E"
"5767436","ZTERKPRO"
"5767435","ZTERK230"
"5767434","ZTERK115"
"5767433","ZRC-04H"
"5767432","ZRC-04"
"5767431","ZRB-40"
"5767430","ZRB-20"
"5767429","ZRB-10"
"5767428","ZPT-U4"
"5767427","ZPS-U4"
"5767426","ZPS-E3"
"5767425","ZPF"
"5767424","ZLS-U4"
"5767423","ZHE-U230"
"5767422","ZHE-U115"
"5767421","ZHE-E10"
"5767420","ZHE-E04"
"5767419","ZG6440MX-BCFH"
"5767418","ZG5420MX-R"
"5767417","ZG5420MX-BR"
"5767416","ZG5410MX-R"
"5767415","ZG5410MX-BR"
"5767414","ZG5320MX-R"
"5767413","ZG5320MX-BR"
"5767412","ZG5310MX-R"
"5767411","ZG5310MX-BR"
"5767410","ZE6440SG"
"5767409","ZE6440MG"
"5767408","ZE6440LG"
"5767407","ZE6420SG"
"5767406","ZE6420MG"
"5767405","ZE6420LG"
"5767404","ZE6410SG"
"5767403","ZE6340MG"
"5767402","ZE6340LG"
"5767401","ZE6320SG"
"5767400","ZE6320MG"
"5767399","ZE6320LG"
"5767398","ZE6310SG"
"5767397","ZE6220MG"
"5767396","ZE6210MG"
"5767395","ZE6210LG"
"5767394","ZE61040LG"
"5767393","ZE61020MG"
"5767392","ZE61040MG"
"5767391","ZE61120SG"
"5767390","ZE61110SG"
"5767389","ZE61020LG"
"5767388","ZE6120DG"
"5767387","ZE6110DG"
"5767386","ZE5440SG"
"5767385","ZE5440MG"
"5767384","ZE5440LG"
"5767383","ZE5420SG"
"5767382","ZE5420MG"
"5767381","ZE5420LG"
"5767380","ZE5410SG"
"5767379","ZE5340MG"
"5767378","ZE5340LG"
"5767377","ZE5320SG"
"5767376","ZE5320MG"
"5767375","ZE5320LG"
"5767374","ZE5310SG"
"5767373","ZE5220MG"
"5767372","ZE5220LG"
"5767371","ZE5210MG"
"5767370","ZE5210LG"
"5767369","ZE51110SG"
"5767368","ZE51020LG"
"5767367","ZE51020MG"
"5767366","ZE5120DG"
"5767365","ZE5110DG"
"5767364","ZE4440SB"
"5767363","ZE4440MB"
"5767362","ZE4440LB"
"5767361","ZE4420SB"
"5767360","ZE4420MB"
"5767359","ZE4420LB"
"5767358","ZE4410SB"
"5767357","ZE4408SB"
"5767356","ZE4408MB"
"5767355","ZE4408LB"
"5767354","ZE4340MB"
"5767353","ZE4340LB"
"5767352","ZE4320SB"
"5767351","ZE4320MB"
"5767350","ZE4320LB"
"5767349","ZE4310SB"
"5767348","ZE4308SB"
"5767347","ZE4308MB"
"5767346","ZE4308LB"
"5767345","ZE4304SB"
"5767344","ZE4220MB"
"5767343","ZE4220LB"
"5767342","ZE4210LB"
"5767341","ZE4208MB"
"5767340","ZE4208LB"
"5767339","ZE4204TG-QHR"
"5767338","ZE41108SB"
"5767337","ZE41020LB"
"5767336","ZE41008MB"
"5767335","ZE4120DB"
"5767334","ZE4110DB"
"5767333","ZE4108DB"
"5767332","ZE4104DB"
"5767331","ZE3440SB"
"5767330","ZE3440MB"
"5767329","ZE3440LB"
"5767328","ZE3420SB"
"5767327","ZE3420MB"
"5767326","ZE3420LB"
"5767325","ZE3410SB"
"5767324","ZE3408SB"
"5767323","ZE3408MB"
"5767322","ZE3408LB"
"5767321","ZE3404SB"
"5767320","ZE3404MB"
"5767319","ZE3340MB"
"5767318","ZE3340LB"
"5767317","ZE3320SB"
"5767316","ZE3320MB"
"5767315","ZE3320LB"
"5767314","ZE3310SB"
"5767313","ZE3308SB"
"5767312","ZE3308MB"
"5767311","ZE3308LB"
"5767310","ZE3304SB"
"5767309","ZE3304MB"
"5767308","ZE3220MB"
"5767307","ZE3220LB"
"5767306","ZE3210LB"
"5767305","ZE3208MB"
"5767304","ZE3208LB"
"5767303","ZE3204MB"
"5767302","ZE3120DB"
"5767301","ZE3110DB"
"5767300","ZE3108DB"
"5767299","ZE3104DB"
"5767298","ZCP-230"
"5767297","ZCP-220"
"5767296","ZCP-3"
"5767295","ZCP-2M"
"5767294","ZCP-2"
"5767293","ZCP-1M"
"5767292","ZCP-1"
"5767291","ZCF-2"
"5767290","ZA4440MX"
"5767289","ZA4420MX"
"5767288","ZA4410MX"
"5767287","ZA4408MX"
"5767286","ZA4404MX"
"5767285","ZA4220MX"
"5767284","ZA4208TX-Q"
"5767283","ZA4208TX-E"
"5767282","ZA4208MX"
"5767281","ZA4204TX-QR"
"5767280","ZA4204TX-Q"
"5767279","ZA4204TX-ER"
"5767278","ZA4204TX-E"
"5767277","ZA4204MX"
"5767276","Z-640"
"5767275","Z-410"
"5767274","XSC1"
"5767273","XPG1"
"5767272","XLK1"
"5767271","XC1402ME"
"5767270","XC1402MB"
"5767269","XC1402M"
"5767268","XC1401ME"
"5767267","XC1401MB"
"5767266","XC1401M"
"5767265","XC1202ME"
"5767264","XC1202MB"
"5767263","XC1202M"
"5767262","XC1201ME"
"5767261","XC1201MB"
"5767260","XC1201M"
"5767259","XC230VC"
"5767258","XC115VC"
"5767257","XC28V"
"5767256","XA-12VG"
"5767255","XA-12V"
"5767254","XA-12G"
"5767253","XA-12"
"5767252","XA-11VG"
"5767251","XA-11V"
"5767250","XA-11G"
"5767249","XA-11"
"5767248","WTE-350"
"5767247","WTE-220"
"5767246","WTE-80"
"5767245","WTE-40"
"5767244","WTE-20"
"5767243","WTE-150"
"5767242","WRP-350"
"5767241","WRP-220"
"5767240","WRP-80"
"5767239","WRP-40"
"5767238","WRP-20"
"5767237","WRP-150"
"5767236","WR-5"
"5767235","WR-15"
"5767234","WR13"
"5767233","WMC-750"
"5767232","WMC-580"
"5767231","WMC-3380"
"5767230","WMC-2000"
"5767229","WMC-1580"
"5767228","WMC-1250"
"5767227","WMC-1000"
"5767226","WHR-1250"
"5767225","WHC-750"
"5767224","WHC-4000"
"5767223","WHC-3380"
"5767222","WHC-2000"
"5767221","WHC-1250"
"5767220","WCR4000"
"5767219","WCB-750"
"5767218","WCB-580"
"5767217","WCB-4000"
"5767216","WCB-3380"
"5767215","WCB-2000"
"5767214","WCB-1580"
"5767213","WCB-1250"
"5767212","WCB-1000"
"5767211","W35602R502"
"5767210","W35514R414"
"5767209","W35512R412"
"5767208","W35508R115M"
"5767207","W35506R405"
"5767206","W35502R402"
"5767205","W35500R400"
"5767204","W35412R312"
"5767203","W35410R310"
"5767202","W35405R085M"
"5767201","W35404R301"
"5767200","W35315R213"
"5767199","W35314R211"
"5767198","W35090R206"
"5767197","W35308R205"
"5767196","W35302R200"
"5767195","W35602X"
"5767194","W35600X"
"5767193","W35514X"
"5767192","W35512X"
"5767191","W35510X"
"5767190","W35509X"
"5767189","W35508X"
"5767188","W35506X"
"5767187","W35504IX"
"5767186","W35503IX"
"5767185","W35502X"
"5767184","W35500X"
"5767183","W35414X"
"5767182","W35412X"
"5767181","W35410IX"
"5767180","W35409IX"
"5767179","W35408IX"
"5767178","W35407X"
"5767177","W35406X"
"5767176","W35405X"
"5767175","W35404X"
"5767174","W35403IX"
"5767173","W35402X"
"5767172","W35401IX"
"5767171","W35400X"
"5767170","W35315X"
"5767169","W35314X"
"5767168","W35313X"
"5767167","W35312X"
"5767166","W35311X"
"5767165","W35310X"
"5767164","W35309X"
"5767163","W35308X"
"5767162","W35307IX"
"5767161","W35306X"
"5767160","W35305X"
"5767159","W35304X"
"5767158","W35303X"
"5767157","W35302X"
"5767156","W35151MX"
"5767155","W35123MX"
"5767154","W35115MX"
"5767153","W35090MX"
"5767152","W35085MX"
"5767151","W35000PX"
"5767150","W35000X"
"5767149","W22506R410"
"5767148","W22506R404"
"5767147","W22506R402"
"5767146","W22506R314"
"5767145","W22500R404"
"5767144","W22500R402"
"5767143","W22500R314"
"5767142","W22410R314"
"5767141","W22410R312"
"5767140","W22410R308"
"5767139","W22404R308"
"5767138","W22404R302"
"5767137","W22404R215"
"5767136","W22314R302"
"5767135","W22314R215"
"5767134","W22314R212"
"5767133","W22312R215"
"5767132","W22090MR212"
"5767131","W22090MR206"
"5767130","W22308R212"
"5767129","W22308R209"
"5767128","W22308R206"
"5767127","W22085MR209"
"5767126","W22085MR206"
"5767125","W22302R206"
"5767124","W22302R203"
"5767123","W22506X"
"5767122","W22504IX"
"5767121","W22503IX"
"5767120","W22502X"
"5767119","W22500X"
"5767118","W22414X"
"5767117","W22123MX"
"5767116","W22412X"
"5767115","W22410IX"
"5767114","W22409IX"
"5767113","W22115MX"
"5767112","W22408IX"
"5767111","W22407X"
"5767110","W22406X"
"5767109","W22405X"
"5767108","W22404X"
"5767107","W22403IX"
"5767106","W22402X"
"5767105","W22401IX"
"5767104","W22400X"
"5767103","W22315X"
"5767102","W22314X"
"5767101","W22313X"
"5767100","W22312X"
"5767099","W22311X"
"5767098","W22310X"
"5767097","W22309X"
"5767096","W22090MX"
"5767095","W22308X"
"5767094","W22307IX"
"5767093","W22306X"
"5767092","W22085MX"
"5767091","W22305X"
"5767090","W22304X"
"5767089","W22303X"
"5767088","W22302X"
"5767087","W22301X"
"5767086","W22300X"
"5767085","W22215X"
"5767084","W22000PX"
"5767083","W22000X"
"5767082","W15410R404"
"5767081","W15410R402"
"5767080","W15410R315"
"5767079","W15410R314"
"5767078","W15410R312"
"5767077","W15410R308"
"5767076","W15410IX"
"5767075","W15409IX"
"5767074","W15408IX"
"5767073","W15407X"
"5767072","W15406X"
"5767071","W15405X"
"5767070","W15404R315"
"5767069","W15404R314"
"5767068","W15404R312"
"5767067","W15404R308"
"5767066","W15404R302"
"5767065","W15404X"
"5767064","W15403IX"
"5767063","W15402R314"
"5767062","W15402R313"
"5767061","W15402R312"
"5767060","W15402R311"
"5767059","W15402R308"
"5767058","W15402R305"
"5767057","W15402R304"
"5767056","W15402R100M"
"5767055","W15402R090M"
"5767054","W15402X"
"5767053","W15401IX"
"5767052","W15400X"
"5767051","W15315R312"
"5767050","W15315X"
"5767049","W15314R312"
"5767048","W15314R308"
"5767047","W15314R302"
"5767046","W15314R215"
"5767045","W15314X"
"5767044","W15313X"
"5767043","W15312R308"
"5767042","W15312R305"
"5767041","W15312R304"
"5767040","W15312R302"
"5767039","W15312R215"
"5767038","W15312R090M"
"5767037","W15312R085M"
"5767036","W15312X"
"5767035","W15311X"
"5767034","W15310X"
"5767033","W15309X"
"5767032","W15308R302"
"5767031","W15308R215"
"5767030","W15308R212"
"5767029","W15308X"
"5767028","W15307IX"
"5767027","W15306X"
"5767026","W15305X"
"5767025","W15304X"
"5767024","W15303X"
"5767023","W15302R215"
"5767022","W15302R212"
"5767021","W15302R209"
"5767020","W15302X"
"5767019","W15301X"
"5767018","W15300R202"
"5767017","W15300X"
"5767016","W15215X"
"5767015","W15214X"
"5767014","W15213X"
"5767013","W15212X"
"5767012","W15211X"
"5767011","W15210X"
"5767010","W15209X"
"5767009","W15208X"
"5767008","W15207X"
"5767007","W15115R110M"
"5767006","W15115R105M"
"5767005","W15115R100M"
"5767004","W15115MX"
"5767003","W15110R105M"
"5767002","W15110R100M"
"5767001","W15110R095M"
"5767000","W15090R085M"
"5766999","W15090R080M"
"5766998","W15090R075M"
"5766997","W15090MX"
"5766996","W15085R080M"
"5766995","W15085R075M"
"5766994","W15085R070M"
"5766993","W15085MX"
"5766992","W15000PX"
"5766991","W15000X"
"5766990","W8402X"
"5766989","W8400X"
"5766988","W8315X"
"5766987","W8314R308"
"5766986","W8314R302"
"5766985","W8314R215"
"5766984","W8314X"
"5766983","W8313X"
"5766982","W8312R308"
"5766981","W8312R302"
"5766980","W8312R215"
"5766979","W8312R212"
"5766978","W8312R090M"
"5766977","W8312R085M"
"5766976","W8312X"
"5766975","W8311X"
"5766974","W8310X"
"5766973","W8309X"
"5766972","W8308R302"
"5766971","W8308R300"
"5766970","W8308R215"
"5766969","W8308R212"
"5766968","W8308X"
"5766967","W8307IX"
"5766966","W8306X"
"5766965","W8305X"
"5766964","W8304X"
"5766963","W8303X"
"5766962","W8302R215"
"5766961","W8302R212"
"5766960","W8302R209"
"5766959","W8302R206"
"5766958","W8302R203"
"5766957","W8302R200"
"5766956","W8302X"
"5766955","W8301X"
"5766954","W8300X"
"5766953","W8215R212"
"5766952","W8215R209"
"5766951","W8215R206"
"5766950","W8215R203"
"5766949","W8215X"
"5766948","W8214X"
"5766947","W8213X"
"5766946","W8212R209"
"5766945","W8212R206"
"5766944","W8212R203"
"5766943","W8212X"
"5766942","W8211X"
"5766941","W8210X"
"5766940","W8209R206"
"5766939","W8209R203"
"5766938","W8209R200"
"5766937","W8209X"
"5766936","W8208X"
"5766935","W8207X"
"5766934","W8206X"
"5766933","W8205X"
"5766932","W8204X"
"5766931","W8203X"
"5766930","W8202X"
"5766929","W8201X"
"5766928","W8200X"
"5766927","W8115X"
"5766926","W8114X"
"5766925","W8090R085M"
"5766924","W8090R080M"
"5766923","W8090R075M"
"5766922","W8090MX"
"5766921","W8085R080M"
"5766920","W8085R075M"
"5766919","W8085R070M"
"5766918","W8085R065M"
"5766917","W8085MX"
"5766916","W8000PX"
"5766915","W8000X"
"5766914","W4306X"
"5766913","W4305X"
"5766912","W4304X"
"5766911","W4303X"
"5766910","W4302R215"
"5766909","W4302R212"
"5766908","W4302R209"
"5766907","W4302R205"
"5766906","W4302R204"
"5766905","W4302R203"
"5766904","W4302R202"
"5766903","W4302R200"
"5766902","W4302CS"
"5766901","W4302X"
"5766900","W4301X"
"5766899","W4300R203"
"5766898","W4300X"
"5766897","W4215R212"
"5766896","W4215R209"
"5766895","W4215R206"
"5766894","W4215R203"
"5766893","W4215SL"
"5766892","W4215R200"
"5766891","W4215X"
"5766890","W4215CS"
"5766889","W4214X"
"5766888","W4213X"
"5766887","W4212R209"
"5766886","W4212R206"
"5766885","W4212R203"
"5766884","W4212R202"
"5766883","W4212SL"
"5766882","W4212CS"
"5766881","W4212X"
"5766880","W4211X"
"5766879","W4210X"
"5766878","W4209R206"
"5766877","W4209R204"
"5766876","W4209R203"
"5766875","W4209R202"
"5766874","W4209R200"
"5766873","W4209R113"
"5766872","W4209SL"
"5766871","W4209CS"
"5766870","W4208R201"
"5766869","W4209X"
"5766868","W4208R200"
"5766867","W4208R204"
"5766866","W4208R113"
"5766865","W4208X"
"5766864","W4207R200"
"5766863","W4207X"
"5766862","W4206R203"
"5766861","W4206R200"
"5766860","W4206R113"
"5766859","W4206R107"
"5766858","W4206R106"
"5766857","W4206SL"
"5766856","W4206CS"
"5766855","W4206X"
"5766854","W4205X"
"5766853","W4204X"
"5766852","W4203R200"
"5766851","W4203R113"
"5766850","W4203R110"
"5766849","W4203R107"
"5766848","W4203R104"
"5766847","W4203SL"
"5766846","W4203X"
"5766845","W4202X"
"5766844","W4201X"
"5766843","W4200R113"
"5766842","W4200R110"
"5766841","W4200R107"
"5766840","W4200CS"
"5766839","W4200X"
"5766838","W4115X"
"5766837","W4114CS"
"5766836","W4114X"
"5766835","W4113CS"
"5766834","W4113SL"
"5766833","W4113X"
"5766832","W4112X"
"5766831","W4111X"
"5766830","W4110CS"
"5766829","W4110X"
"5766828","W4109X"
"5766827","W4108CS"
"5766826","W4108X"
"5766825","W4107CS"
"5766824","W4107X"
"5766823","W4106X"
"5766822","W4105X"
"5766821","W4000PX"
"5766820","W4000X"
"5766819","W2206SL"
"5766818","W2206R204"
"5766817","W2206R203"
"5766816","W2206R202"
"5766815","W2206R200"
"5766814","W2206R114"
"5766813","W2206R113"
"5766812","W2206R110"
"5766811","W2206R108"
"5766810","W2206R107"
"5766809","W2206X"
"5766808","W2205X"
"5766807","W2204X"
"5766806","W2203SL"
"5766805","W2203R200"
"5766804","W2203R113"
"5766803","W2203R110"
"5766802","W2203R107"
"5766801","W2203X"
"5766800","W2202X"
"5766799","W2201X"
"5766798","W2200R113"
"5766797","W2200R110"
"5766796","W2200R107"
"5766795","W2200X"
"5766794","W2115X"
"5766793","W2114X"
"5766792","W2113SL"
"5766791","W2113R110"
"5766790","W2113R107"
"5766789","W2113R104"
"5766788","W2113X"
"5766787","W2112X"
"5766786","W2111X"
"5766785","W2110R107"
"5766784","W2110R104"
"5766783","W2110R103"
"5766782","W2110R030M"
"5766781","W2110X"
"5766780","W2109X"
"5766779","W2108R105"
"5766778","W2108X"
"5766777","W2107R104"
"5766776","W2107R103"
"5766775","W2107R102"
"5766774","W2107X"
"5766773","W2106X"
"5766772","W2105X"
"5766771","W2104X"
"5766770","W2103X"
"5766769","W2102X"
"5766768","W2000PX"
"5766767","W2000X"
"5766766","VUV6LMSR"
"5766765","VUV6MSR"
"5766764","VUV5"
"5766763","VSPCK-24"
"5766762","VSG-3510P"
"5766761","VSG-2310P"
"5766760","VSA-444"
"5766759","VSA-434"
"5766758","VSA-432"
"5766757","VSA-430"
"5766756","VS-61"
"5766755","VS-51"
"5766754","VS-11"
"5766753","VMP-10000D"
"5766752","VMMK"
"5766751","VMF10000D"
"5766750","VMC10600D"
"5766749","VMC10000D"
"5766748","VM43-LPS"
"5766747","VM-43M"
"5766746","VM-43L"
"5766745","VM-43"
"5766744","VM33-VAC"
"5766743","VM-33M"
"5766742","VM-33L"
"5766741","VM-33"
"5766740","VM-32"
"5766739","VM-22"
"5766738","VM-4L"
"5766737","VM-4"
"5766736","VM-3L"
"5766735","VM-3"
"5766734","VM-2"
"5766733","VF2"
"5766732","VF1"
"5766731","VEP15100B"
"5766730","VEP15000B"
"5766729","VEP1"
"5766728","VEM15100B"
"5766727","VEM15000B"
"5766726","VEK15100B"
"5766725","VEK15000B"
"5766724","VEH15100B"
"5766723","VEH15000B"
"5766722","VEG15500B"
"5766721","VEG15150B"
"5766720","VEG15100B"
"5766719","VEG15000B"
"5766718","VEF15500D"
"5766717","VEF15500B"
"5766716","VEF15150B"
"5766715","VEF15100D"
"5766714","VEF15000D"
"5766713","VEF15000B"
"5766712","VEE15100B"
"5766711","VEE15000B"
"5766710","VED15600B"
"5766709","VED15160B"
"5766708","VED15100B"
"5766707","VED15000B"
"5766706","VEC16600D"
"5766705","VEC15600D"
"5766704","VEC15600B"
"5766703","VEC15160D"
"5766702","VEC15160B"
"5766701","VEC15100D"
"5766700","VEC15100B"
"5766699","VEC15000D"
"5766698","VEC15000B"
"5766697","VEB15600B"
"5766696","VEB15160B"
"5766695","VEB15100B"
"5766694","VEB15000B"
"5766693","VEA15600D"
"5766692","VEA15600B"
"5766691","VEA15160B"
"5766690","VEA15100D"
"5766689","VEA15100B"
"5766688","VEA15000D"
"5766687","VEA15000B"
"5766686","VE43-115"
"5766685","VE-43"
"5766684","VE42QM-230"
"5766683","VE42QM-115"
"5766682","VE42Q-230"
"5766681","VE42Q-115"
"5766680","VE42TQMC-230"
"5766679","VE42TQMC-115"
"5766678","VE42TQM-230"
"5766677","VE42TQM-115"
"5766676","VE42TQM-24"
"5766675","VE42TQC-230"
"5766674","VE42TQC-115"
"5766673","VE42TQ-230"
"5766672","VE42TQ-115"
"5766671","VE42TQ-24"
"5766670","VE42TEM-230"
"5766669","VE42TEM-115"
"5766668","VE42TEM-24"
"5766667","VE42TE-230"
"5766666","VE42TE-115"
"5766665","VE42TE-24"
"5766664","VE42EM-230"
"5766663","VE42EM-115"
"5766662","VE42E-230"
"5766661","VE42E-115"
"5766660","VE33-VAC"
"5766659","VE33-115"
"5766658","VE-33"
"5766657","VE-32D"
"5766656","VE-32"
"5766655","VC-20L"
"5766654","VC-20"
"5766653","VC-15L"
"5766652","VC-15"
"5766651","VC-4L"
"5766650","VC-4"
"5766649","VC-3L"
"5766648","VC-3"
"5766647","VA42QM"
"5766646","VA42Q"
"5766645","VA42EM"
"5766644","VA42E"
"5766643","VA-2"
"5766642","V-182"
"5766641","V-161"
"5766640","V-152NV"
"5766639","V-152"
"5766638","V-91"
"5766637","V-82"
"5766636","V-66NV"
"5766635","V-66F"
"5766634","V-66"
"5766633","V-42"
"5766632","V-17"
"5766631","V-10"
"5766630","V-8F"
"5766629","TW6000EI"
"5766628","TW3000EI"
"5766627","TW2000EI"
"5766626","TW1000EI"
"5766625","TW6000B"
"5766624","TW3000B"
"5766623","TW2000B"
"5766622","TW1000B"
"5766621","TW-22"
"5766620","TSQ-7"
"5766619","TSP300"
"5766618","TSP200MK"
"5766617","TSP100MK"
"5766616","TSE-8"
"5766615","TR-630"
"5766614","TQM"
"5766613","TQHE-230"
"5766612","TQHE-115"
"5766611","TQ700UM"
"5766610","TQ700U"
"5766609","TQ700IM"
"5766608","TQ700I"
"5766607","TQ700EM"
"5766606","TQ700E"
"5766605","TQ700BM"
"5766604","TQ700B"
"5766603","TM-5"
"5766602","THQ-712T"
"5766601","THQ-706T"
"5766600","THC-7122"
"5766599","THC-7062"
"5766598","TH-630"
"5766597","T6011L"
"5766596","T6010L"
"5766595","T6008L"
"5766594","T6007L"
"5766593","T6003L"
"5766592","T6002L"
"5766591","T6001L"
"5766590","T-630"
"5766589","SWR-5TB"
"5766588","SWH10"
"5766587","SWH6"
"5766586","SW-22"
"5766585","STP-35H"
"5766584","STP-35A"
"5766583","STN-3241H"
"5766582","STN-2432H"
"5766581","STN-1924H"
"5766580","STL-16"
"5766579","STF-109H"
"5766578","STF-109A"
"5766577","STF-56H"
"5766576","STF-14H"
"5766575","STC-1250H"
"5766574","STC-1250FP"
"5766573","STC-1250XA"
"5766572","STC-750H"
"5766571","STC-750FP"
"5766570","STC-750A"
"5766569","STB-221X"
"5766568","STB-221N"
"5766567","STB-221H"
"5766566","STB-202X"
"5766565","STB-202N"
"5766564","STB-202E"
"5766563","STB-202B"
"5766562","STB-101X"
"5766561","STB-101N"
"5766560","STB-101H"
"5766559","STB-101E"
"5766558","STB-101B"
"5766557","STB-101A"
"5766556","SSETW"
"5766555","SRS2503X"
"5766554","SRS2502X"
"5766553","SRS2501X"
"5766552","SRS1103X"
"5766551","SRS1102X"
"5766550","SRS1101X"
"5766549","SRS603X"
"5766548","SRS602X"
"5766547","SRS601X"
"5766546","SRS-500TB"
"5766545","SRS303X"
"5766544","SRS302X"
"5766543","SRS301X"
"5766542","SRS-300TB"
"5766541","SRS-270"
"5766540","SRS250X"
"5766539","SRS-200TB"
"5766538","SRS-160"
"5766537","SRS153X"
"5766536","SRS152X"
"5766535","SRS151X"
"5766534","SRS110X"
"5766533","SRS-100TB"
"5766532","SRS-100"
"5766531","SRS-75"
"5766530","SRS60X"
"5766529","SRS-50"
"5766528","SRS30X"
"5766527","SRS-25"
"5766526","SRS15X"
"5766525","SRATWS"
"5766524","SRATWL"
"5766523","SRA250X"
"5766522","SRA110X"
"5766521","SRA60X"
"5766520","SRA30X"
"5766519","SRA15X"
"5766518","SQD-270I"
"5766517","SQD-160I"
"5766516","SQD-100I"
"5766515","SQD-75I"
"5766514","SQD-50I"
"5766513","SQD-25I"
"5766512","SPK-10"
"5766511","SPD-813"
"5766510","SPD-781"
"5766509","SPD-728"
"5766508","SPD-688"
"5766507","SPD-639"
"5766506","SPD-563"
"5766505","SPD-549"
"5766504","SPD-531"
"5766503","SPD-458"
"5766502","SPD-438"
"5766501","SPD-375"
"5766500","SPD-313"
"5766499","SPD-250"
"5766498","SPD-188"
"5766497","SPD-125"
"5766496","SPD-106"
"5766495","SP-50100"
"5766494","SP-5000I"
"5766493","SP-5000E"
"5766492","SP-5000"
"5766491","SP200A"
"5766490","SP100A"
"5766489","SP-190"
"5766488","SP-170"
"5766487","SP-150"
"5766486","SP-123"
"5766485","SP-121"
"5766484","SP-120"
"5766483","SP-110"
"5766482","SP-35SP"
"5766481","SP-35S"
"5766480","SP-35"
"5766479","SOH-236"
"5766478","SOH-23LC"
"5766477","SOH-10LC"
"5766476","SOH-106"
"5766475","SLRATWS"
"5766474","SLRATWL"
"5766473","SFP604SW"
"5766472","SGM-147SET"
"5766471","SGM-20"
"5766470","SGM-10"
"5766469","SGM-07"
"5766468","SGM-04"
"5766467","SGH-64"
"5766466","SGH-36"
"5766465","SGH-24"
"5766464","SGH-14"
"5766463","SG6002K"
"5766462","SG3002K"
"5766461","SG2002K"
"5766460","SG1002K"
"5766459","SFP813SJ"
"5766458","SGM-01"
"5766457","SFP613SJ"
"5766456","SFP604SJ"
"5766455","SFP604MW"
"5766454","SFP604MJ"
"5766453","SFP421SW"
"5766452","SFP421SJ"
"5766451","SFP421MW"
"5766450","SFP421MJ"
"5766449","SFP414SW"
"5766448","SFP414SJ"
"5766447","SFP414MW"
"5766446","SFP414MJ"
"5766445","SFP409SW"
"5766444","SFP409SJ"
"5766443","SFP409MW"
"5766442","SFP409MJ"
"5766441","SFP404SW"
"5766440","SFP404SJ"
"5766439","SFP404MW"
"5766438","SFP404MJ"
"5766437","SFP242SW"
"5766436","SFP242SJ"
"5766435","SFP242MW"
"5766434","SFP242MJ"
"5766433","SFP228SW"
"5766432","SFP228SJ"
"5766431","SFP228MW"
"5766430","SFP228MJ"
"5766429","SFP213SW"
"5766428","SFP213SJ"
"5766427","SFP213MW"
"5766426","SFP213MJ"
"5766425","SFP202MB"
"5766424","SDA250-204"
"5766423","SDA250-200"
"5766422","SDA250-114"
"5766421","SDA250-112"
"5766420","SDA250-110"
"5766419","SDA250-108"
"5766418","SDA250-85"
"5766417","SDA250-75"
"5766416","SDA250-70"
"5766415","SDA250-65"
"5766414","SDA250-60"
"5766413","SDA250-55"
"5766412","SDA250-50"
"5766411","SDA250-46"
"5766410","SDA250-41"
"5766409","SDA250-36"
"5766408","SDA110-112"
"5766407","SDA110-110"
"5766406","SDA110-108"
"5766405","SDA110-106"
"5766404","SDA110-104"
"5766403","SDA110-46"
"5766402","SDA110-41"
"5766401","SDA110-36"
"5766400","SDA110-32"
"5766399","SDA110-30"
"5766398","SDA60-104"
"5766397","SDA60-102"
"5766396","SDA60-100"
"5766395","SDA60-014"
"5766394","SDA60-012"
"5766393","SDA60-010"
"5766392","SDA60-32"
"5766391","SDA60-30"
"5766390","SDA60-27"
"5766389","SDA60-24"
"5766388","SDA60-22"
"5766387","SDA60-19"
"5766386","SDA60-17"
"5766385","SDA30-104"
"5766384","SDA30-102"
"5766383","SDA30-100"
"5766382","SDA30-014"
"5766381","SDA30-012"
"5766380","SDA30-010"
"5766379","SDA30-32"
"5766378","SDA30-30"
"5766377","SDA30-27"
"5766376","SDA30-24"
"5766375","SDA30-22"
"5766374","SDA30-19"
"5766373","SDA30-17"
"5766372","SDA15-100"
"5766371","SDA15-014"
"5766370","SDA15-012"
"5766369","SDA15-010"
"5766368","SDA15-008"
"5766367","SDA15-102"
"5766366","SDA15-32"
"5766365","SDA15-30"
"5766364","SDA15-27"
"5766363","SDA15-24"
"5766362","SDA15-22"
"5766361","SDA15-19"
"5766360","SDA15-17"
"5766359","SDA15-14"
"5766358","SD-250208"
"5766357","SD-110108"
"5766356","SD-60108"
"5766355","SD-30100"
"5766354","SD-15012"
"5766353","SCR-506XCE"
"5766352","SCR-506XCB"
"5766351","SCR-2514XCE"
"5766350","SCR-2514XCB"
"5766349","SCR-2514XA"
"5766348","SCR-2514H"
"5766347","SCR-506XA"
"5766346","SCR-506H"
"5766345","SCR-256XCE"
"5766344","SCR-256XCB"
"5766343","SCR-256XA"
"5766342","SCR-256TB"
"5766341","SCR-256H"
"5766340","SCR-256FP"
"5766339","SCR-254XCE"
"5766338","SCR-254XCB"
"5766337","SCR-254XA"
"5766336","SCR-254H"
"5766335","SCR-254FP"
"5766334","SCR-252XCE"
"5766333","SCR-252XCB"
"5766332","SCR-252H"
"5766331","SCR-252XA"
"5766330","SCR-252FP"
"5766329","SCR-156XCE"
"5766328","SCR-156XCB"
"5766327","SCR-156XA"
"5766326","SCR-156H"
"5766325","SCR-156FP"
"5766324","SCR-154XCE"
"5766323","SCR-154XCB"
"5766322","SCR-154XA"
"5766321","SCR-154TB"
"5766320","SCR-154H"
"5766319","SCR-154FP"
"5766318","SCR-1010XCE"
"5766317","SCR-1010XCB"
"5766316","SCR-1010XA"
"5766315","SCR-1010TB"
"5766314","SCR-1010H"
"5766313","SCR-1010FP"
"5766312","SCR-106XCE"
"5766311","SCR-106XCB"
"5766310","SCR-106XA"
"5766309","SCR-106TB"
"5766308","SCR-106H"
"5766307","SCR-106FP"
"5766306","SCR-102XCE"
"5766305","SCR-102XCB"
"5766304","SCR-102XA"
"5766303","SCR-102TB"
"5766302","SCR-102H"
"5766301","SCR-102FP"
"5766300","SCR-55TB"
"5766299","SCR-55H"
"5766298","SCP-606H"
"5766297","SCP-306H"
"5766296","SCP-106LH"
"5766295","SCP-106LFP"
"5766294","SCP-106CH"
"5766293","SCP-106CFP"
"5766292","SCL-1002XCE"
"5766291","SCL-1002XCB"
"5766290","SCL-1002H"
"5766289","SCL-502XCE"
"5766288","SCL-502XCB"
"5766287","SCL-502XA"
"5766286","SCL-502TB"
"5766285","SCL-502H"
"5766284","SCL-502FP"
"5766283","SCL-302XCE"
"5766282","SCL-302XCB"
"5766281","SCL-302XA"
"5766280","SCL-302TB"
"5766279","SCL-302H"
"5766278","SCL-302FP"
"5766277","SCL-201XA"
"5766276","SCL-201TB"
"5766275","SCL-201H"
"5766274","SCL-201FP"
"5766273","SCL-101XA"
"5766272","SCL-101TB"
"5766271","SCL-101H"
"5766270","SCL-101FP"
"5766269","SCK-1"
"5766268","SCH-1003H"
"5766267","SCH-603XCE"
"5766266","SCH-603XCB"
"5766265","SCH-603XA"
"5766264","SCH-603H"
"5766263","SCH-302XCE"
"5766262","SCH-302XCB"
"5766261","SCH-302XA"
"5766260","SCH-302H"
"5766259","SCH-302FP"
"5766258","SCH-202XCE"
"5766257","SCH-202XCB"
"5766256","SCH-202XA"
"5766255","SCH-202H"
"5766254","SCH-202FP"
"5766253","SCH-121H"
"5766252","SBZ-4L"
"5766251","SBZ-4"
"5766250","SB-2"
"5766249","SB-1"
"5766248","S25000PX"
"5766247","S25000X"
"5766246","S11000PX"
"5766245","S11000X"
"5766244","S6000PX"
"5766243","S6000X"
"5766242","S3000PX"
"5766241","S3000X"
"5766240","S1500PX"
"5766239","S1500X"
"5766238","RWH-121"
"5766237","RTE250X"
"5766236","RTE110X"
"5766235","RTE60X"
"5766234","RTE30X"
"5766233","RT3323"
"5766232","RT-3311"
"5766231","RT-2119"
"5766230","RT-2111"
"5766229","RT-1817"
"5766228","RT-1510"
"5766227","RSM-1500"
"5766226","RSM-1000"
"5766225","RSM-750"
"5766224","RSM-500"
"5766223","RSM-300"
"5766222","RSM-200"
"5766221","RSM-100"
"5766220","RSM-50"
"5766219","RRH-1508"
"5766218","RRH-10010"
"5766217","RRH-1006"
"5766216","RRH-1003"
"5766215","RRH-1001"
"5766214","RRH-6010"
"5766213","RRH-606"
"5766212","RRH-603"
"5766211","RRH-3010"
"5766210","RRH-307"
"5766209","RR-3006"
"5766208","RR-2006"
"5766207","RR-1506"
"5766206","RR-1502"
"5766205","RR-10018"
"5766204","RR-10013"
"5766203","RR-1006"
"5766202","RR7513"
"5766201","RR-756"
"5766200","RR-5020"
"5766199","RR-5013"
"5766198","RR-506"
"5766197","RR-3014"
"5766196","RR-308"
"5766195","RR-1012"
"5766194","RR-1010"
"5766193","RFL-102"
"5766192","REP-25"
"5766191","REP-10"
"5766190","REP-5"
"5766189","REB-25"
"5766188","REB-15"
"5766187","REB-10"
"5766186","REB-5"
"5766185","RDC-4024FR"
"5766184","RDC-3524FR"
"5766183","RD-2510"
"5766182","RD-256"
"5766181","RD-1610"
"5766180","RD-166"
"5766179","RD-910"
"5766178","RD-96"
"5766177","RD-93"
"5766176","RD-91"
"5766175","RD-46"
"5766174","RD-43"
"5766173","RD-41"
"5766172","RCS-1002"
"5766171","RCS-502"
"5766170","RCS-302"
"5766169","RCS-201"
"5766168","RCS-101"
"5766167","RCH-1211"
"5766166","RCH-1003"
"5766165","RCH-606"
"5766164","RCH-603"
"5766163","RCH-306"
"5766162","RCH-302"
"5766161","RCH-206"
"5766160","RCH-202"
"5766159","RCH-123"
"5766158","RCH-121"
"5766157","RCH-120"
"5766156","RC-10010"
"5766155","RC-1006"
"5766154","RC-7513"
"5766153","RC-756"
"5766152","RC-5013"
"5766151","RC-506"
"5766150","RC-504"
"5766149","RC-502"
"5766148","RC-308"
"5766147","RC-2514"
"5766146","RC-2512"
"5766145","RC-2510"
"5766144","RC-258"
"5766143","RC-256NV"
"5766142","RC-256"
"5766141","RC-254"
"5766140","RC-252"
"5766139","RC-251"
"5766138","RC-1514"
"5766137","RC-1512"
"5766136","RC-1510"
"5766135","RC-158"
"5766134","RC-156"
"5766133","RC-154"
"5766132","RC-152"
"5766131","RC-151"
"5766130","RC-1014"
"5766129","RC-1012"
"5766128","RC-1010"
"5766127","RC-108"
"5766126","RC-106NV"
"5766125","RC-106"
"5766124","RC-104"
"5766123","RC-102NV"
"5766122","RC-102"
"5766121","RC-101"
"5766120","RC-59"
"5766119","RC-57"
"5766118","RC-55"
"5766117","RC-53ST"
"5766116","RC-53NV"
"5766115","RC-53"
"5766114","RC-51"
"5766113","RC-50"
"5766112","RB-25"
"5766111","RB-15"
"5766110","RB-10"
"5766109","RB-5"
"5766108","RATWS"
"5766107","RATWL"
"5766106","RAS-270"
"5766105","RAS-160"
"5766104","RAS-100"
"5766103","RAS-50"
"5766102","RAS-25"
"5766101","RAR-1508"
"5766100","RAR-15010"
"5766099","RAR-1506"
"5766098","RAR-1504"
"5766097","RAR-1502"
"5766096","RAR-10010"
"5766095","RAR-1008"
"5766094","RAR-1006"
"5766093","RAR-1004"
"5766092","RAR-5010"
"5766091","RAR-508"
"5766090","RAR-1002"
"5766089","RAR-506"
"5766088","RAR-504"
"5766087","RAR-502"
"5766086","RAR-3010"
"5766085","RAR-308"
"5766084","RAR-304"
"5766083","RAR-306"
"5766082","RAR-302"
"5766081","RAR-2010"
"5766080","RAR-208"
"5766079","RAR-206"
"5766078","RAR-204"
"5766077","RAR-202"
"5766076","RAL-270"
"5766075","RAL-160"
"5766074","RAL-100"
"5766073","RAL-75"
"5766072","RAL-50"
"5766071","RAL-25"
"5766070","RAI-270"
"5766069","RAI-160"
"5766068","RAI-100"
"5766067","RAI-75"
"5766066","RAI-50"
"5766065","RAI-25"
"5766064","RAH-270"
"5766063","RAH-160"
"5766062","RAH-100"
"5766061","RAH-75"
"5766060","RAH-50"
"5766059","RAH-25"
"5766058","RACL-15010"
"5766057","RACL-1508"
"5766056","RACL-1506"
"5766055","RACL-1504"
"5766054","RACL-1502"
"5766053","RACL-10010"
"5766052","RACL-1008"
"5766051","RACL-1006"
"5766050","RACL-1004"
"5766049","RACL-1002"
"5766048","RACL-5010"
"5766047","RACL-508"
"5766046","RACL-506"
"5766045","RACL-504"
"5766044","RACL-502"
"5766043","RACL-3010"
"5766042","RACL-308"
"5766041","RACL-306"
"5766040","RACL-304"
"5766039","RACL-2010"
"5766038","RACL-208"
"5766037","RACL-206"
"5766036","RACL-204"
"5766035","RACL-202"
"5766034","RACL-302"
"5766033","RACH-15010"
"5766032","RACH-1508"
"5766031","RACH-1506"
"5766030","RACH-1504"
"5766029","RACH-1502"
"5766028","RACH-10010"
"5766027","RACH-1008"
"5766026","RACH-1006"
"5766025","RACH-1004"
"5766024","RACH-1002"
"5766023","RACH-6010"
"5766022","RACH-608"
"5766021","RACH-606"
"5766020","RACH-604"
"5766019","RACH-602"
"5766018","RACH-3010"
"5766017","RACH-308"
"5766016","RACH-306"
"5766015","RACH-304"
"5766014","RACH-302"
"5766013","RACH-2010"
"5766012","RACH-208"
"5766011","RACH-206"
"5766010","RACH-204"
"5766009","RACH-202"
"5766008","RAC-15010"
"5766007","RAC-1508"
"5766006","RAC-1506"
"5766005","RAC-1504"
"5766004","RAC-1502"
"5766003","RAC-10010"
"5766002","RAC-1008"
"5766001","RAC-1006"
"5766000","RAC-1004"
"5765999","RAC-1002"
"5765998","RAC-5010"
"5765997","RAC-508"
"5765996","RAC-506"
"5765995","RAC-504"
"5765994","RAC-502"
"5765993","RAC-3010"
"5765992","RAC-308"
"5765991","RAC-306"
"5765990","RAC-304"
"5765989","RAC-302"
"5765988","RAC-2010"
"5765987","RAC-208"
"5765986","RAC-206"
"5765985","RAC-204"
"5765984","RAC-202"
"5765983","RA-1010"
"5765982","RA-106"
"5765981","PUJ-1401E"
"5765980","PUJ-1401B"
"5765979","PUJ-1400E"
"5765978","PUJ-1400B"
"5765977","PUJ-1201E"
"5765976","PUJ-1201B"
"5765975","PUJ-1200E"
"5765974","PUJ-1200B"
"5765973","PUD-1301E"
"5765972","PUD-1301B"
"5765971","PUD-1300E"
"5765970","PUD-1300B"
"5765969","PUD-1101B"
"5765968","PUD-1100E"
"5765967","PUD-1100B"
"5765966","PTW6000C"
"5765965","PTW3000C"
"5765964","PTW2000C"
"5765963","PTW1000C"
"5765962","PTW6000"
"5765961","PTW3000"
"5765960","PTW2000"
"5765959","PTW1000"
"5765958","PTA-1404"
"5765957","PRUS2037"
"5765956","PRUS2026"
"5765955","PRUS1537"
"5765954","PRUS1526"
"5765953","PRUS137"
"5765952","PRUS126"
"5765951","PRU2010"
"5765950","PRU205"
"5765949","PRU203"
"5765948","PRU201"
"5765947","PRU1510"
"5765946","PRU155"
"5765945","PRU153"
"5765944","PRU151"
"5765943","PRU110"
"5765942","PRU14"
"5765941","PRU13"
"5765940","PRU11"
"5765939","PRTS200"
"5765938","PRTS150"
"5765937","PRTS60"
"5765936","PRS4"
"5765935","PRS3"
"5765934","PRS2"
"5765933","PRS1"
"5765932","PRES6024"
"5765931","PREMJ20016L"
"5765930","PREMI20027L"
"5765929","PREMI20016L"
"5765928","PREMI15027L"
"5765927","PREMI15016L"
"5765926","PREMI10027L"
"5765925","PREMI10016L"
"5765924","PREMI06027L"
"5765923","PREMI06014L"
"5765922","PREMG20027L"
"5765921","PREMG20016L"
"5765920","PREMG15027L"
"5765919","PREMG15016L"
"5765918","PREMG10027L"
"5765917","PREMG10016L"
"5765916","PREMB15027L"
"5765915","PREMB15016L"
"5765914","PREMB10027L"
"5765913","PREMB10016L"
"5765912","PREMB06027L"
"5765911","PREMB06014L"
"5765910","PRE18"
"5765909","PRE14"
"5765908","PRE11"
"5765907","PRE9"
"5765906","PRE7"
"5765905","PRE5"
"5765904","PRASA20027L"
"5765903","PRASA20016L"
"5765902","PRASA15027L"
"5765901","PRASA15016L"
"5765900","PRASA10027L"
"5765899","PRASA10016L"
"5765898","PRAMA15027L"
"5765897","PRAMA15016L"
"5765896","PRAMA10027L"
"5765895","PRAMA10016L"
"5765894","PRAMA06027L"
"5765893","PRAMA06014L"
"5765892","PMU-10447Q"
"5765891","PMU-10447"
"5765890","PMU-10442Q"
"5765889","PMU-10442"
"5765888","PMU-10427Q"
"5765887","PMU-10427"
"5765886","PMU-10422Q"
"5765885","PMU-10422"
"5765884","PMB-2"
"5765883","PMB-1"
"5765882","PK-2002"
"5765881","PK-1002"
"5765880","PK-501"
"5765879","PGTD4265SW"
"5765878","PGTD3655SW"
"5765877","PGTD3350SW"
"5765876","PGTD3046SW"
"5765875","PGTD2742SW"
"5765874","PGTS4265SW"
"5765873","PGTS3655SW"
"5765872","PGTS2436SW"
"5765871","PGTS2030SW"
"5765870","PGTD4265S"
"5765869","PGTD3655S"
"5765868","PGTD3350S"
"5765867","PGTD3046S"
"5765866","PGTD2742S"
"5765865","PGTS4265S"
"5765864","PGTS3655S"
"5765863","PGTS2436S"
"5765862","PGTS2030S"
"5765861","PFS-4"
"5765860","PFS-3"
"5765859","PFK-25N"
"5765858","PF-25"
"5765857","PES-1401E"
"5765856","PES-1401B"
"5765855","PES-1301B"
"5765854","PES-1201E"
"5765853","PES-1201B"
"5765852","PER-8418C"
"5765851","PER-8418"
"5765850","PER-1501D"
"5765849","PER-1501B"
"5765848","PER-1401D"
"5765847","PER-1401B"
"5765846","PER-1301D"
"5765845","PER-1301B"
"5765844","PEM-8418L"
"5765843","PEM-8418C"
"5765842","PEM-8418"
"5765841","PEM-8218C"
"5765840","PEM-8218"
"5765839","PEM-1501F"
"5765838","PEM-1501E"
"5765837","PEM-1501D"
"5765836","PEM-1501B"
"5765835","PEM-1401E"
"5765834","PEM-1401D"
"5765833","PEM-1401B"
"5765832","PEM-1301E"
"5765831","PEM-1301D"
"5765830","PEM-1301B"
"5765829","PEM-1201E"
"5765828","PEM-1201D"
"5765827","PEM-1201B"
"5765826","PEJ-1501F"
"5765825","PEJ-1501E"
"5765824","PEJ-1501D"
"5765823","PEJ-1501B"
"5765822","PEJ-1401E"
"5765821","PEJ-1401D"
"5765820","PEJ-1401B"
"5765819","PEJ-1301E"
"5765818","PEJ-1301D"
"5765817","PEJ-1301B"
"5765816","PEJ-1201E"
"5765815","PEJ-1201D"
"5765814","PEJ-1201B"
"5765813","PED-1101E"
"5765812","PED-1101B"
"5765811","PC-66"
"5765810","PC-25"
"5765809","PC-20"
"5765808","PC-11"
"5765807","PC-10"
"5765806","PATG-1105N"
"5765805","PATG-1102N"
"5765804","PAR-K2"
"5765803","PAR-K1"
"5765802","PARG-1105N"
"5765801","PARG-1102N"
"5765800","PAMG-1405N"
"5765799","PAMG-1402N"
"5765798","PAM-1042L"
"5765797","PAM-1042"
"5765796","PAM-1041"
"5765795","PAM-1022"
"5765794","PAM-1021"
"5765793","PAC-230"
"5765792","PAC-115"
"5765791","PA-1150"
"5765790","PA-166"
"5765789","PA-133R"
"5765788","PA-133"
"5765787","P2282"
"5765786","P-842"
"5765785","P-802"
"5765784","P-801"
"5765783","P-464"
"5765782","P-462"
"5765781","P-392FP"
"5765780","P-392ALSS"
"5765779","P-392AL"
"5765778","P-392"
"5765777","P-391"
"5765776","P-202"
"5765775","P-142ALSS"
"5765774","P-142"
"5765773","P-141"
"5765772","P-84"
"5765771","P-80"
"5765770","P-77"
"5765769","P-51"
"5765768","P-50"
"5765767","P-39"
"5765766","P-25"
"5765765","P18"
"5765764","NV-251"
"5765763","NSH110130"
"5765762","NSH110115"
"5765761","NSH70105"
"5765760","NSH7095"
"5765759","NSH7085"
"5765758","NSH7080"
"5765757","NSC110D"
"5765756","NSC110"
"5765755","NSC70D"
"5765754","NSC70"
"5765753","NSB110"
"5765752","NSB70"
"5765751","NS110130SEE"
"5765750","NS110130SE"
"5765749","NS110130SA"
"5765748","NS110130SH"
"5765747","NS110130D"
"5765746","NS110130"
"5765745","NS110115D"
"5765744","NS110115"
"5765743","NS70105SEE"
"5765742","NS70105SE"
"5765741","NS70105SA"
"5765740","NS70105SH"
"5765739","NS70105D"
"5765738","NS70105"
"5765737","NS7095D"
"5765736","NS7095"
"5765735","NS7085D"
"5765734","NS7085"
"5765733","NS7080D"
"5765732","NS7080"
"5765731","NCB-6075"
"5765730","NCB-5060"
"5765729","NCB-4150"
"5765728","NCB-3241"
"5765727","NCB-2432"
"5765726","NCB-1924"
"5765725","NCB-1319"
"5765724","NC-6075"
"5765723","NC-5060"
"5765722","NC-4150"
"5765721","NC-3241"
"5765720","NC-2432"
"5765719","NC-1924"
"5765718","NC-1319"
"5765717","MZ-4013"
"5765716","MZ-4011"
"5765715","MZ-4010"
"5765714","MZ-4009"
"5765713","MZ-4008"
"5765712","MZ-4007"
"5765711","MZ-4006"
"5765710","MZ-4005"
"5765709","MZ-4004"
"5765708","MZ-4003"
"5765707","MZ-4002"
"5765706","MZ-1053"
"5765705","MZ-1052"
"5765704","MZ-1051"
"5765703","MZ-1050"
"5765702","MZ-1005"
"5765701","MZ-1004"
"5765700","MZ-1003"
"5765699","MZ-1002"
"5765698","MTB-1"
"5765697","MSP-351"
"5765696","MSFP-10"
"5765695","MSFP-5"
"5765694","MS2-1020"
"5765693","MS2-20"
"5765692","MS2-10"
"5765691","MS2-4"
"5765690","MRK-1"
"5765689","MPS64H"
"5765688","MPS64EE"
"5765687","MPS64EB"
"5765686","MPS64CE"
"5765685","MPS64CB"
"5765684","MPS64A"
"5765683","MPS36H"
"5765682","MPS36EE"
"5765681","MPS36EB"
"5765680","MPS36CE"
"5765679","MPS36CB"
"5765678","MPS36A"
"5765677","MPS24H"
"5765676","MPS24EE"
"5765675","MPS24EB"
"5765674","MPS24CE"
"5765673","MPS24CB"
"5765672","MPS24A"
"5765671","MPS14H"
"5765670","MPS14EE"
"5765669","MPS14EB"
"5765668","MPS14CE"
"5765667","MPS14CB"
"5765666","MPS14A"
"5765665","MP-1000"
"5765664","MP-700"
"5765663","MP-350"
"5765662","MP-110"
"5765661","MP-10T"
"5765660","LX-104"
"5765659","LX-101"
"5765658","LWB-1"
"5765657","LW-16"
"5765656","LS-1"
"5765655","LPL-5002"
"5765654","LPL-4002"
"5765653","LPL-2502"
"5765652","LPL-2002"
"5765651","LPL-1602"
"5765650","LPL-1002"
"5765649","LPL-602"
"5765648","LH-10006"
"5765647","LH-5006"
"5765646","LH-2506"
"5765645","LH-1002"
"5765644","LH-502"
"5765643","LH-102"
"5765642","LH-50"
"5765641","LH-10"
"5765640","JHA-1506"
"5765639","JHA-756"
"5765638","JHA-356"
"5765637","JHA-156"
"5765636","JHA-73"
"5765635","JH-1006"
"5765634","JH-506"
"5765633","JH-306"
"5765632","JBI-50"
"5765631","JBI-25"
"5765630","JBI-10"
"5765629","IPR-20075"
"5765628","IPR-10075"
"5765627","IPR-5075"
"5765626","IPR100D13-2"
"5765625","IPR050D13-2"
"5765624","IPLR-200"
"5765623","IPLR-100"
"5765622","IPL-101"
"5765621","IPL-100"
"5765620","IPK-3012"
"5765619","IPK-1012"
"5765618","IPH-10080"
"5765617","IPH-10030"
"5765616","IPH-5080"
"5765615","IPH-5031"
"5765614","IPH-5030"
"5765613","IPH-3080"
"5765612","IPH-2531"
"5765611","IPH-1240"
"5765610","IPH-1234"
"5765609","IPH-1040"
"5765608","IPH100S10-2"
"5765607","IPH100D13-2"
"5765606","IPH100D06-2"
"5765605","IPH050S13-2"
"5765604","IPH050S06-2"
"5765603","IPH050S06-1"
"5765602","IPH050D13-2"
"5765601","IPH030D14-2"
"5765600","IPH030D14-1"
"5765599","IPH025S14-2"
"5765598","IPH025S14-1"
"5765597","IPH025S06-2"
"5765596","IPH010S10-2"
"5765595","IPH010S10-1"
"5765594","IPH010D10-1"
"5765593","IPE-20065MG"
"5765592","IPE-20065"
"5765591","IPE-15065MG"
"5765590","IPE-15065"
"5765589","IPE-10010MI"
"5765588","IPE-10010MG"
"5765587","IPE-10060MW"
"5765586","IPE-10060MK"
"5765585","IPE-10060MI"
"5765584","IPE-10060MG"
"5765583","IPE-10060"
"5765582","IPE-10010"
"5765581","IPE-5060MI"
"5765580","IPE-5060MG"
"5765579","IPE-5060"
"5765578","IPE-5010MG"
"5765577","IPE-5010"
"5765576","IPE-5005MG"
"5765575","IPE-5005"
"5765574","IPE-3060"
"5765573","IPE-2510"
"5765572","IPE-2505"
"5765571","IPE-1215"
"5765570","IPB010S10-0"
"5765569","IPA-10023"
"5765568","IPA-5073"
"5765567","IPA-5021"
"5765566","IPA-3071"
"5765565","IPA-2520"
"5765564","IPA-1244"
"5765563","IPA-1220"
"5765562","IPA-1022"
"5765561","IN12388-350"
"5765560","IN12388-338"
"5765559","IN12375-350"
"5765558","IN12375-338"
"5765557","IN12350-313"
"5765556","IN12350-300"
"5765555","IN12338-300"
"5765554","IN12338-293"
"5765553","IN12313-293"
"5765552","IN12313-275"
"5765551","IN12300-275"
"5765550","IN12300-256"
"5765549","IN12293-275"
"5765548","IN12293-256"
"5765547","IN12275-256"
"5765546","IN12275-238"
"5765545","IN12256-238"
"5765544","IN12256-219"
"5765543","IN12238-219"
"5765542","IN12238-200"
"5765541","IN12219-200"
"5765540","IN12219-181"
"5765539","IN6313-293"
"5765538","IN6313-275"
"5765537","IN6293-275"
"5765536","IN6293-256"
"5765535","IN6275-256"
"5765534","IN6275-238"
"5765533","IN6256-238"
"5765532","IN6256-219"
"5765531","IN6238-219"
"5765530","IN6238-200"
"5765529","IN6219-200"
"5765528","IN6219-181"
"5765527","IN6200-181"
"5765526","IN6200-163"
"5765525","IN6181-163"
"5765524","IN3238-219"
"5765523","IN3238-200"
"5765522","IN3219-200"
"5765521","IN3219-181"
"5765520","IN3200-181"
"5765519","IN3200-163"
"5765518","IN3181-163"
"5765517","IN3181-144"
"5765516","IN3163-144"
"5765515","IN3163-125"
"5765514","IN3144-125"
"5765513","IN24-500463"
"5765512","IN24-500425"
"5765511","IN24-463425"
"5765510","IN24-463413"
"5765509","IN24-425388"
"5765508","IN24-425375"
"5765507","IN24-413388"
"5765506","IN24-413375"
"5765505","IN24-388350"
"5765504","IN24-388338"
"5765503","IN24-375350"
"5765502","IN24-375338"
"5765501","IN24-375313"
"5765500","IN24-350313"
"5765499","IN24-350300"
"5765498","IN24-338313"
"5765497","IN24-338300"
"5765496","IN24-313293"
"5765495","IN24-313275"
"5765494","IN24-313256"
"5765493","IN24-130125"
"5765492","IN24-130120"
"5765491","IN24-130115"
"5765490","IN24-125120"
"5765489","IN24-125115"
"5765488","IN24-125110"
"5765487","IN24-120115"
"5765486","IN24-120110"
"5765485","IN24-120105"
"5765484","IN24-115110"
"5765483","IN24-115105"
"5765482","IN24-115100"
"5765481","IN24-110105"
"5765480","IN24-110100"
"5765479","IN24-11095"
"5765478","IN24-105100"
"5765477","IN24-10595"
"5765476","IN24-10590"
"5765475","IN24-10095"
"5765474","IN24-10090"
"5765473","IN24-10085"
"5765472","IN24-9590"
"5765471","IN24-9585"
"5765470","IN24-9580"
"5765469","IN24-9085"
"5765468","IN24-9080"
"5765467","IN24-9075"
"5765466","IN24-8580"
"5765465","IN24-8575"
"5765464","IN24-8570"
"5765463","IN24-8075"
"5765462","IN24-8070"
"5765461","IN24-8065"
"5765460","IN12-10095"
"5765459","IN12-10090"
"5765458","IN12-10085"
"5765457","IN12-9590"
"5765456","IN12-9585"
"5765455","IN12-9580"
"5765454","IN12-9085"
"5765453","IN12-9080"
"5765452","IN12-9075"
"5765451","IN12-8580"
"5765450","IN12-8575"
"5765449","IN12-8570"
"5765448","IN12-8075"
"5765447","IN12-8070"
"5765446","IN12-8065"
"5765445","IN12-7570"
"5765444","IN12-7565"
"5765443","IN12-7560"
"5765442","IN12-7065"
"5765441","IN12-7060"
"5765440","IN12-7055"
"5765439","IN12-6560"
"5765438","IN12-6555"
"5765437","IN12-6550"
"5765436","IN12-6055"
"5765435","IN12-6050"
"5765434","IN12-6046"
"5765433","IN12-5550"
"5765432","IN12-5546"
"5765431","IN12-5541"
"5765430","IN6-8075"
"5765429","IN6-8070"
"5765428","IN6-8065"
"5765427","IN6-7570"
"5765426","IN6-7565"
"5765425","IN6-7560"
"5765424","IN6-7065"
"5765423","IN6-7060"
"5765422","IN6-7055"
"5765421","IN6-6560"
"5765420","IN6-6555"
"5765419","IN6-6550"
"5765418","IN6-6055"
"5765417","IN6-6050"
"5765416","IN6-6046"
"5765415","IN6-5550"
"5765414","IN6-5546"
"5765413","IN6-5541"
"5765412","IN6-5046"
"5765411","IN6-5041"
"5765410","IN6-5036"
"5765409","IN6-4136"
"5765408","IN3-6055"
"5765407","IN3-6050"
"5765406","IN3-6046"
"5765405","IN3-5550"
"5765404","IN3-5546"
"5765403","IN3-5541"
"5765402","IN3-5046"
"5765401","IN3-5041"
"5765400","IN3-5036"
"5765399","IN3-4641"
"5765398","IN3-4636"
"5765397","IN3-4632"
"5765396","IN3-4136"
"5765395","IN3-4132"
"5765394","IN3-4130"
"5765393","IC-7234"
"5765392","IC-424"
"5765391","IC-400"
"5765390","IC-324"
"5765389","IC-300"
"5765388","IC-71"
"5765387","IC-43"
"5765386","HXD-240"
"5765385","HXD-120"
"5765384","HXD-60"
"5765383","HXD-30"
"5765382","HT2010HR"
"5765381","HT2010"
"5765380","HT2003HR"
"5765379","HT2003"
"5765378","HT1510HR"
"5765377","HT1510"
"5765376","HT1503HR"
"5765375","HT1503"
"5765374","HR-130"
"5765373","HR-125"
"5765372","HR-120"
"5765371","HR-115"
"5765370","HR-110"
"5765369","HR-105"
"5765368","HR-100"
"5765367","HR-95"
"5765366","HR-90"
"5765365","HR-85"
"5765364","HR-80"
"5765363","HR-75"
"5765362","HR-70"
"5765361","HR-65"
"5765360","HR-60"
"5765359","HR-55"
"5765358","HR-50"
"5765357","HR-46"
"5765356","HR-41"
"5765355","HR-36"
"5765354","HPT-1500"
"5765353","HPN-2000"
"5765352","HP-10016"
"5765351","HP-5132"
"5765350","HP-5130"
"5765349","HP-5125"
"5765348","HP-5123"
"5765347","HP-5122"
"5765346","HP-5121"
"5765345","HP-5120"
"5765344","HP-5111"
"5765343","HP-5103"
"5765342","HP-5102"
"5765341","HP-5033"
"5765340","HP-5016"
"5765339","HP-5013"
"5765338","HP-5010"
"5765337","HP-5008"
"5765336","HP-5007"
"5765335","HP-5001"
"5765334","HP-3135"
"5765333","HP-3130"
"5765332","HP-3125"
"5765331","HP-3123"
"5765330","HP-3122"
"5765329","HP-3120"
"5765328","HP-3113"
"5765327","HP-3111"
"5765326","HP-3104"
"5765325","HP-3044"
"5765324","HP-3041"
"5765323","HP-3039"
"5765322","HP-3038"
"5765321","HP-3037"
"5765320","HP-3036"
"5765319","HP-3032"
"5765318","HP-3031"
"5765317","HP-3015"
"5765316","HP-2130"
"5765315","HP-2125"
"5765314","HP-2122"
"5765313","HP-2120"
"5765312","HP-2113"
"5765311","HP-2111"
"5765310","HP-2105"
"5765309","HP-2035"
"5765308","HP-2031"
"5765307","HP-2023"
"5765306","HP-2015"
"5765305","HP-2013"
"5765304","HP-2012"
"5765303","HP-2010"
"5765302","HP-2009"
"5765301","HP-2008"
"5765300","HP-2007"
"5765299","HP-2006"
"5765298","HP-2002"
"5765297","HP-2001"
"5765296","HP-1213"
"5765295","HP-1137"
"5765294","HP-1136"
"5765293","HP-1125"
"5765292","HP-1123"
"5765291","HP-1122"
"5765290","HP-1121"
"5765289","HP-1113"
"5765288","HP-1111"
"5765287","HP-1105"
"5765286","HP-1103"
"5765285","HP-1102"
"5765284","HF-104"
"5765283","HF-102"
"5765282","HF-101"
"5765281","HF-100"
"5765280","HCR-2502-HCR-100012"
"5765279","HCR-20012"
"5765278","HCR-20010"
"5765277","HCR-2008"
"5765276","HCR-2006"
"5765275","HCR-2004"
"5765274","HCR-2002"
"5765273","HCR-15012"
"5765272","HCR-15010"
"5765271","HCR-1508"
"5765270","HCR-1506"
"5765269","HCR-1504"
"5765268","HCR-1502"
"5765267","HCR-10012"
"5765266","HCR-10010"
"5765265","HCR-1008"
"5765264","HCR-1006"
"5765263","HCR-1004"
"5765262","HCR-1002"
"5765261","HCR-5012"
"5765260","HCR-5010"
"5765259","HCR-508"
"5765258","HCR-506"
"5765257","HCR-504"
"5765256","HCR-502"
"5765255","HCL-2502"
"5765254","HCL-20012"
"5765253","HCL-20010"
"5765252","HCL-2008"
"5765251","HCL-2006"
"5765250","HCL-2004"
"5765249","HCL-2002"
"5765248","HCL-15012"
"5765247","HCL-15010"
"5765246","HCL-1508"
"5765245","HCL-1506"
"5765244","HCL-1504"
"5765243","HCL-1502"
"5765242","HCL-10012"
"5765241","HCL-10010"
"5765240","HCL-1008"
"5765239","HCL-1006"
"5765238","HCL-1004"
"5765237","HCL-1002"
"5765236","HCL-5012"
"5765235","HCL-5010"
"5765234","HCL-508"
"5765233","HCL-506"
"5765232","HCL-504"
"5765231","HCL-502"
"5765230","HCG-2502-HCG-100012"
"5765229","HCG-20012"
"5765228","HCG-20010"
"5765227","HCG-2008"
"5765226","HCG-2006"
"5765225","HCG-2004"
"5765224","HCG-2002"
"5765223","HCG-15012"
"5765222","HCG-15010"
"5765221","HCG-1508"
"5765220","HCG-1506"
"5765219","HCG-1504"
"5765218","HCG-1502"
"5765217","HCG-10012"
"5765216","HCG-10010"
"5765215","HCG-1008"
"5765214","HCG-1006"
"5765213","HCG-1004"
"5765212","HCG-1002"
"5765211","HCG-5012"
"5765210","HCG-5010"
"5765209","HCG-508"
"5765208","HCG-506"
"5765207","HCG-504"
"5765206","HCG-502"
"5765205","HC-9320"
"5765204","HC-9310"
"5765203","HC-9308"
"5765202","HC-9306"
"5765201","HC-9250CR"
"5765200","HC-9250C"
"5765199","HC-9220C"
"5765198","HC-9220"
"5765197","HC-9210B"
"5765196","HC-9210"
"5765195","HC-9206Q"
"5765194","HC-9206C"
"5765193","HC-9206B"
"5765192","HC-9206"
"5765191","HC-9203B"
"5765190","HC-9203"
"5765189","HC-7310"
"5765188","HC-7306"
"5765187","HC-7250C"
"5765186","HC-7220"
"5765185","HC-7210B"
"5765184","HC-7210"
"5765183","HC-7206Q"
"5765182","HC-7206C"
"5765181","HC-7206B"
"5765180","HC-7206"
"5765179","HC-7203B"
"5765178","HC-7203"
"5765177","HB-9206QB"
"5765176","HB-9206Q"
"5765175","HB-9206"
"5765174","HB-7206QB"
"5765173","HB-7206"
"5765172","HA-9210B"
"5765171","HA-9210"
"5765170","HA-9206B"
"5765169","HA-9206"
"5765168","HA-9203B"
"5765167","HA-9203"
"5765166","HA-9202"
"5765165","HA-7210"
"5765164","HA-7206B"
"5765163","HA-7206"
"5765162","H-9350"
"5765161","H-9330"
"5765160","H-9320"
"5765159","H-9310"
"5765158","H-9308"
"5765157","H-9306"
"5765156","H-9250"
"5765155","H-9230"
"5765154","H-9220"
"5765153","H-9210S"
"5765152","H-9210"
"5765151","H-9206S"
"5765150","H-9206Q"
"5765149","H-9206"
"5765148","H-9203"
"5765147","H-9202"
"5765146","H-7350"
"5765145","H-7330"
"5765144","H-7320"
"5765143","H-7310"
"5765142","H-7306"
"5765141","H-7250"
"5765140","H-7230"
"5765139","H-7220"
"5765138","H-7210"
"5765137","H-7206"
"5765136","H-7203"
"5765135","H-7202"
"5765134","H4071L"
"5765133","H4049L"
"5765132","H4000G"
"5765131","GT-4015Q"
"5765130","GT-4015"
"5765129","GT6P-NRS3750U08"
"5765128","GT6P-NRS3500U08"
"5765127","GT6P-NRS3250U08"
"5765126","GT6PM-NRS09560"
"5765125","GT6PM-NRS09060"
"5765124","GT6PM-NRS08560"
"5765123","GT6PM-NRS08060"
"5765122","GT6-LCB"
"5765121","GT5P-NRS3250U08"
"5765120","GT5P-NRS3000U08"
"5765119","GT5P-NRS2750U08"
"5765118","GT5P-NRS2500U08"
"5765117","GT5PM-NRS08060"
"5765116","GT5PM-NRS07660"
"5765115","GT5PM-NRS07260"
"5765114","GT5PM-NRS06860"
"5765113","GT5-LCB"
"5765112","GT4P-NRS2500U08"
"5765111","GT4P-NRS2250U08"
"5765110","GT4P-NRS2000U08"
"5765109","GT4PM-NRS06860"
"5765108","GT4PM-NRS06460"
"5765107","GT4PM-NRS06055"
"5765106","GT4PM-NRS05655"
"5765105","GT4PM-NRS05250"
"5765104","GT4-LCB"
"5765103","GT3P-NRS2000U08"
"5765102","GT3P-NRS1875U08"
"5765101","GT3P-NRS1750U08"
"5765100","GT3P-NRS1625U08"
"5765099","GT3P-NRS1500U08"
"5765098","GT3PM-NRS05250"
"5765097","GT3PM-NRS04850"
"5765096","GT3PM-NRS04545"
"5765095","GT3PM-NRS04245"
"5765094","GT3PM-NRS03940"
"5765093","GT3-LCB"
"5765092","GT2P-NRS1500U08"
"5765091","GT2P-NRS1375U08"
"5765090","GT2P-NRS1250U08"
"5765089","GT2P-NRS1125U08"
"5765088","GT2PM-NRS03940"
"5765087","GT2PM-NRS03640"
"5765086","GT2PM-NRS03335"
"5765085","GT2PM-NRS03035"
"5765084","GT2-LCB"
"5765083","GT1P-NRS1125U08"
"5765082","GT1P-NRS1000U08"
"5765081","GT1P-NRS0875U09"
"5765080","GT1P-NRS0750U10"
"5765079","GT1P-NRS0625U11"
"5765078","GT1PM-NRS03035"
"5765077","GT1PM-NRS02730"
"5765076","GT1PM-NRS02430"
"5765075","GT1PM-NRS02025"
"5765074","GT1PM-NRS01825"
"5765073","GT1PM-NRS01620"
"5765072","GT1-LCB"
"5765071","GPS64H"
"5765070","GPS64EE"
"5765069","GPS64EB"
"5765068","GPS64CE"
"5765067","GPS64CB"
"5765066","GPS64A"
"5765065","GPS36H"
"5765064","GPS36EE"
"5765063","GPS36EB"
"5765062","GPS36CE"
"5765061","GPS36CB"
"5765060","GPS36A"
"5765059","GPS24H"
"5765058","GPS24EE"
"5765057","GPS24EB"
"5765056","GPS24CE"
"5765055","GPS24CB"
"5765054","GPS24A"
"5765053","GPS14H"
"5765052","GPS14EE"
"5765051","GPS14EB"
"5765050","GPS14CE"
"5765049","GPS14CB"
"5765048","GPS14A"
"5765047","GP-15S"
"5765046","GP-10S"
"5765045","GOK-W8000"
"5765044","GOK-W4000"
"5765043","GOK-W2000"
"5765042","GOK-S6000"
"5765041","GOK-S3000"
"5765040","GOK-S1500"
"5765039","GF-871P"
"5765038","GF-835P"
"5765037","GF-813P"
"5765036","GF-510P"
"5765035","GF-230P"
"5765034","GF-200P"
"5765033","GF-120P"
"5765032","GF-50P"
"5765031","GF-20P"
"5765030","GF-10P"
"5765029","GF-5P"
"5765028","GBJ-100"
"5765027","GBJ-050"
"5765026","GBJ-030"
"5765025","GBJ-020S"
"5765024","GBJ-020"
"5765023","GBJ-015"
"5765022","GBJ-010S"
"5765021","GBJ-010"
"5765020","GBJ-008"
"5765019","GBJ-005"
"5765018","GBJ-003"
"5765017","GBJ-002"
"5765016","GBJ-002L"
"5765015","GA-918"
"5765014","GA-45GC"
"5765013","GA-4"
"5765012","GA-3"
"5765011","GA-2"
"5765010","GA-1"
"5765009","G4089L"
"5765008","G4088L"
"5765007","G4040L"
"5765006","G4039L"
"5765005","G2538R"
"5765004","G2537SR"
"5765003","G2537R"
"5765002","G2536L"
"5765001","G2535SL"
"5765000","G2535L"
"5764999","G2534SR"
"5764998","G2534R"
"5764997","G2533SR"
"5764996","G2531SR"
"5764995","G2531R"
"5764994","G2517SL"
"5764993","G2517L"
"5764992","G2516SL"
"5764991","G2516L"
"5764990","G2515L"
"5764989","G2514L"
"5764988","G2513L"
"5764987","G2512L"
"5764986","G2511L"
"5764985","G2510L"
"5764984","G2509L"
"5764983","FZ-2069"
"5764982","FZ-1660"
"5764981","FZ-1638"
"5764980","FZ-1634"
"5764979","FZ-1633"
"5764978","FZ-1630"
"5764977","FZ-1625"
"5764976","FZ-1619"
"5764975","FZ-1617"
"5764974","FZ-1616"
"5764973","FZ-1615"
"5764972","FZ-1614"
"5764971","FZ-1613"
"5764970","FZ-1612"
"5764969","FZ-1610"
"5764968","FZ-1608"
"5764967","FZ-1605"
"5764966","FZ-1055"
"5764965","FTR1093610SWG"
"5764964","FTR15025025SW"
"5764963","FTR15013810SW"
"5764962","FTR15012510SW"
"5764961","FTR751420SW"
"5764960","FTR751125SWG"
"5764959","FTR751110SW"
"5764958","FTR751025SW"
"5764957","FTR751010SW"
"5764956","FTR1093610SG"
"5764955","FTR15025025S"
"5764954","FTR15013810S"
"5764953","FTR15012510S"
"5764952","FTR751420S"
"5764951","FTR751125SG"
"5764950","FTR751110S"
"5764949","FTR751025S"
"5764948","FTR751010S"
"5764947","FTE8836SW"
"5764946","FTE150125SW"
"5764945","FTE150138SW"
"5764944","FTE7511SW"
"5764943","FTE7510SW"
"5764942","FTE8836S"
"5764941","FTE150125S"
"5764940","FTE150138S"
"5764939","FTE7511S"
"5764938","FTE7510S"
"5764937","FSM-8"
"5764936","FSH-14"
"5764935","FSB-1"
"5764934","FS-109"
"5764933","FS-56"
"5764932","FS-34"
"5764931","FRL120C"
"5764930","FR-400"
"5764929","FH-604"
"5764928","FF120-FSS"
"5764927","FF120-FSF"
"5764926","FF120-FFL"
"5764925","FF120"
"5764924","F-604"
"5764923","ETWCB-I"
"5764922","ETWCB-E"
"5764921","ETWCB-B"
"5764920","ETW6000E"
"5764919","ETW3000E"
"5764918","ETW2000E"
"5764917","ETW1000E"
"5764916","ETW6000I"
"5764915","ETW3000I"
"5764914","ETW2000I"
"5764913","ETW1000I"
"5764912","ETW6000B"
"5764911","ETW3000B"
"5764910","ETW2000B"
"5764909","ETW1000B"
"5764908","ES-80"
"5764907","ES-60"
"5764906","ES-30"
"5764905","ES-15"
"5764904","ES-10"
"5764903","ES-1"
"5764902","ERS-60"
"5764901","ERS-30"
"5764900","ERS-20"
"5764899","ERH-2"
"5764898","ERH-1"
"5764897","ERATWS"
"5764896","ERATWL"
"5764895","ER-80"
"5764894","ER-60"
"5764893","ER-30"
"5764892","ER-15"
"5764891","ER-10"
"5764890","ER-1"
"5764889","EPX-10"
"5764888","EPX-6"
"5764887","EPX-4"
"5764886","EPT-2550"
"5764885","EPPM-I6"
"5764884","EPP-1316"
"5764883","EPP-10"
"5764882","EPP-6"
"5764881","EPP-4"
"5764880","EPHT-1164"
"5764879","EPHT-1163"
"5764878","EPHT-1162"
"5764877","EPHS-216"
"5764876","EPHS-213"
"5764875","EPHS-210"
"5764874","EPHS-208"
"5764873","EPHS-116"
"5764872","EPHS-113"
"5764871","EPHS-110"
"5764870","EPHS-108"
"5764869","EPHR-216"
"5764868","EPHR-213"
"5764867","EPHR-210"
"5764866","EPHR-208"
"5764865","EPHR-116"
"5764864","EPHR-113"
"5764863","EPHR-110"
"5764862","EPHR-108"
"5764861","EPH-21655"
"5764860","EPH-21654"
"5764859","EPH-21653"
"5764858","EPH-21355"
"5764857","EPH-21353"
"5764856","EPH-21055"
"5764855","EPH-21053"
"5764854","EPH-11659"
"5764853","EPH-11657"
"5764852","EPH-11656"
"5764851","EPH-11655"
"5764850","EPH-11654"
"5764849","EPH-11653"
"5764848","EPH-11652"
"5764847","EPH-11359"
"5764846","EPH-11357"
"5764845","EPH-11356"
"5764844","EPH-11355"
"5764843","EPH-11354L"
"5764842","EPH-11354"
"5764841","EPH-11353"
"5764840","EPH-11352"
"5764839","EPH-11059"
"5764838","EPH-11057"
"5764837","EPH-11056"
"5764836","EPH-11055"
"5764835","EPH-11054L"
"5764834","EPH-11054"
"5764833","EPH-11053"
"5764832","EPH-11052"
"5764831","EPH-10857"
"5764830","EPH-10856"
"5764829","EPH-10854"
"5764828","EPH-1003"
"5764827","EPH-1002"
"5764826","EPH-508"
"5764825","EPH-257"
"5764824","EPH-216"
"5764823","EPH-213"
"5764822","EPH-210"
"5764821","EPH-208"
"5764820","EPH-155"
"5764819","EPH-116"
"5764818","EPH-113"
"5764817","EPH-110"
"5764816","EPH-108"
"5764815","EP-21655"
"5764814","EP-21653"
"5764813","EP-21355"
"5764812","EP-21353"
"5764811","EP-21055"
"5764810","EP-21053"
"5764809","EP-20855"
"5764808","EP-20853"
"5764807","EP-20653"
"5764806","EP-20455"
"5764805","EP-20453"
"5764804","EP-11659"
"5764803","EP-11658"
"5764802","EP-11657"
"5764801","EP-11655"
"5764800","EP-11654"
"5764799","EP-11653"
"5764798","EP-11359"
"5764797","EP-11358"
"5764796","EP-11357"
"5764795","EP-11356"
"5764794","EP-11355"
"5764793","EP-11354L"
"5764792","EP-11354"
"5764791","EP-11353"
"5764790","EP-11059"
"5764789","EP-11058"
"5764788","EP-11057"
"5764787","EP-11056"
"5764786","EP-11055"
"5764785","EP-11054L"
"5764784","EP-11054"
"5764783","EP-11053"
"5764782","EP-10858"
"5764781","EP-10855"
"5764780","EP-10854"
"5764779","EP-10853"
"5764778","EP-10659"
"5764777","EP-10658"
"5764776","EP-10657"
"5764775","EP-10656"
"5764774","EP-10655"
"5764773","EP-10654"
"5764772","EP-10653"
"5764771","EP-10554L"
"5764770","EP-10554"
"5764769","EP-10459"
"5764768","EP-10458"
"5764767","EP-10457"
"5764766","EP-10456"
"5764765","EP-10455"
"5764764","EP-10454"
"5764763","EP-10453"
"5764762","EP-216"
"5764761","EP-213"
"5764760","EP-210"
"5764759","EP-208"
"5764758","EP-206"
"5764757","EP-204"
"5764756","EP-116"
"5764755","EP-113"
"5764754","EP-110"
"5764753","EP-108"
"5764752","EP-106"
"5764751","EP-104"
"5764750","EP-2"
"5764749","EP-1"
"5764748","EMB-1"
"5764747","ELP-80"
"5764746","ELP-60"
"5764745","ELP-30"
"5764744","ELP-15"
"5764743","ELP-10"
"5764742","ELB-1"
"5764741","EHF-65"
"5764740","EGM-8418"
"5764739","EGM-8218"
"5764738","ED6TWS"
"5764737","ED6TWL"
"5764736","ED18TWS"
"5764735","ED12TWS"
"5764734","ED12TWL"
"5764733","E495"
"5764732","E494"
"5764731","E493"
"5764730","E492"
"5764729","E393"
"5764728","E392"
"5764727","E391"
"5764726","E291"
"5764725","E290PLUS"
"5764724","DSATWS"
"5764723","DSATWL"
"5764722","DR-270"
"5764721","DR-160"
"5764720","DR-100"
"5764719","DR-75"
"5764718","DR-50"
"5764717","DR-25"
"5764716","DGR-1PC"
"5764715","DGR-1B"
"5764714","DGR-2"
"5764713","CW-750"
"5764712","CW-550"
"5764711","CW-350"
"5764710","CW-166"
"5764709","CUSP-1000"
"5764708","CUSP-750"
"5764707","CUSP-600"
"5764706","CUSP-500"
"5764705","CUSP-400"
"5764704","CUSP-300"
"5764703","CUSP-250"
"5764702","CUSP-200"
"5764701","CUSP-150"
"5764700","CUSP-100"
"5764699","CUSP-75"
"5764698","CUSP-50"
"5764697","CUSP-30"
"5764696","CUSP-20"
"5764695","CUSP-10"
"5764694","CULP-50"
"5764693","CULP-30"
"5764692","CULP-20"
"5764691","CULP-10"
"5764690","CT-604"
"5764689","CR-400"
"5764688","CPM-116"
"5764687","CPF-115"
"5764686","CMF-250"
"5764685","CM-115"
"5764684","CM-16"
"5764683","CM-7"
"5764682","CM-6"
"5764681","CM-4"
"5764680","CM-1"
"5764679","CH-604"
"5764678","CH-100"
"5764677","CFM-250"
"5764676","CFF-250"
"5764675","CF-115"
"5764674","CD-415M"
"5764673","CD-411M"
"5764672","CD-411D"
"5764671","CD-411"
"5764670","CC-24500"
"5764669","CC-24463"
"5764668","CC-24425"
"5764667","CC-24413"
"5764666","CC-24388"
"5764665","CC-24375"
"5764664","CC-24350"
"5764663","CC-24338"
"5764662","CC-24313"
"5764661","CC-24130"
"5764660","CC-24125"
"5764659","CC-24120"
"5764658","CC-24115"
"5764657","CC-24110"
"5764656","CC-24105"
"5764655","CC-24100"
"5764654","CC-2495"
"5764653","CC-2490"
"5764652","CC-2485"
"5764651","CC-2480"
"5764650","CC-12388"
"5764649","CC-12375"
"5764648","CC-12350"
"5764647","CC-12338"
"5764646","CC-12313"
"5764645","CC-12300"
"5764644","CC-12293"
"5764643","CC-12275"
"5764642","CC-12256"
"5764641","CC-12238"
"5764640","CC-12219"
"5764639","CC-12100"
"5764638","CC-1295"
"5764637","CC-1290"
"5764636","CC-1285"
"5764635","CC-1280"
"5764634","CC-1275"
"5764633","CC-1270"
"5764632","CC-1265"
"5764631","CC-1260"
"5764630","CC-1255"
"5764629","CC-6313"
"5764628","CC-6293"
"5764627","CC-6275"
"5764626","CC-6256"
"5764625","CC-6238"
"5764624","CC-6219"
"5764623","CC-6200"
"5764622","CC-6181"
"5764621","CC-6163"
"5764620","CC-680"
"5764619","CC-675"
"5764618","CC-670"
"5764617","CC-665"
"5764616","CC-660"
"5764615","CC-655"
"5764614","CC-650"
"5764613","CC-646"
"5764612","CC-641"
"5764611","CC-3238"
"5764610","CC-3219"
"5764609","CC-3200"
"5764608","CC-3181"
"5764607","CC-3163"
"5764606","CC-3144"
"5764605","CC-3125"
"5764604","CC-360"
"5764603","CC-355"
"5764602","CC-350"
"5764601","CC-346"
"5764600","CC-341"
"5764599","CC-336"
"5764598","CC-332"
"5764597","CATG-150"
"5764596","CATG-100"
"5764595","CATG-50"
"5764594","CAT-101"
"5764593","CAT-100"
"5764592","CAT-51"
"5764591","CAT-50"
"5764590","CAT-10"
"5764589","C-604"
"5764588","BZ-13401"
"5764587","BZ-12392"
"5764586","BZ-12391"
"5764585","BZ-12385"
"5764584","BZ-12384"
"5764583","BZ-12383"
"5764582","BZ-12382"
"5764581","BZ-12377"
"5764580","BZ-12376"
"5764579","BZ-12375"
"5764578","BZ-12374"
"5764577","BZ-12372"
"5764576","BZ-12371"
"5764575","BZ-12351"
"5764574","BZ-12341"
"5764573","BZ-12091"
"5764572","BZ-12071"
"5764571","BZ-12061"
"5764570","BZ-12051"
"5764569","BZ-12041"
"5764568","BZ-12031"
"5764567","BZ-12021"
"5764566","BZ-12011"
"5764565","BW300BP25"
"5764564","BW150AW"
"5764563","BW15025"
"5764562","BSH7550"
"5764561","BSH7546"
"5764560","BSH7543"
"5764559","BSH7538"
"5764558","BSH7536"
"5764557","BSH7535"
"5764556","BSH7532"
"5764555","BSH7530"
"5764554","BSH7527"
"5764553","BSH7524"
"5764552","BSH75200"
"5764551","BSH75194"
"5764550","BSH7519"
"5764549","BSH75188"
"5764548","BSH75175"
"5764547","BSH75163"
"5764546","BSH75156"
"5764545","BSH75144"
"5764544","BSH75131"
"5764543","BSH75125"
"5764542","BSH75094"
"5764541","BSH75088"
"5764540","BSH2595"
"5764539","BSH2590"
"5764538","BSH2585"
"5764537","BSH2580"
"5764536","BSH2575"
"5764535","BSH2570"
"5764534","BSH2565"
"5764533","BSH25613"
"5764532","BSH25600"
"5764531","BSH25575"
"5764530","BSH25538"
"5764529","BSH25525"
"5764528","BSH25519"
"5764527","BSH25513"
"5764526","BSH25500"
"5764525","BSH25488"
"5764524","BSH25475"
"5764523","BSH25463"
"5764522","BSH25450"
"5764521","BSH25438"
"5764520","BSH25425"
"5764519","BSH25419"
"5764518","BSH25400"
"5764517","BSH25388"
"5764516","BSH25363"
"5764515","BSH25350"
"5764514","BSH25338"
"5764513","BSH25325"
"5764512","BSH25319"
"5764511","BSH25313"
"5764510","BSH25306"
"5764509","BSH25300"
"5764508","BSH25288"
"5764507","BSH25281"
"5764506","BSH25269"
"5764505","BSH25263"
"5764504","BSH25250"
"5764503","BSH25244"
"5764502","BSH25238"
"5764501","BSH25155"
"5764500","BSH25150"
"5764499","BSH25145"
"5764498","BSH25140"
"5764497","BSH25135"
"5764496","BSH25125"
"5764495","BSH25120"
"5764494","BSH25115"
"5764493","BSH25110"
"5764492","BSH25105"
"5764491","BSH25100"
"5764490","BSH1595"
"5764489","BSH1590"
"5764488","BSH1585"
"5764487","BSH1580"
"5764486","BSH1575"
"5764485","BSH1570"
"5764484","BSH1565"
"5764483","BSH1560"
"5764482","BSH1555"
"5764481","BSH1550"
"5764480","BSH15463"
"5764479","BSH1546"
"5764478","BSH15450"
"5764477","BSH15438"
"5764476","BSH1543"
"5764475","BSH15425"
"5764474","BSH15419"
"5764473","BSH15400"
"5764472","BSH15388"
"5764471","BSH1538"
"5764470","BSH15363"
"5764469","BSH1536"
"5764468","BSH15350"
"5764467","BSH1535"
"5764466","BSH15338"
"5764465","BSH15325"
"5764464","BSH15319"
"5764463","BSH15313"
"5764462","BSH15306"
"5764461","BSH15300"
"5764460","BSH15288"
"5764459","BSH15281"
"5764458","BSH15269"
"5764457","BSH15263"
"5764456","BSH15250"
"5764455","BSH15244"
"5764454","BSH15238"
"5764453","BSH15231"
"5764452","BSH15225"
"5764451","BSH15219"
"5764450","BSH15213"
"5764449","BSH15206"
"5764448","BSH15200"
"5764447","BSH15194"
"5764446","BSH15188"
"5764445","BSH15175"
"5764444","BSH15163"
"5764443","BSH15156"
"5764442","BSH15144"
"5764441","BSH15115"
"5764440","BSH15110"
"5764439","BSH15105"
"5764438","BSH15100"
"5764437","BSH1095"
"5764436","BSH1090"
"5764435","BSH1085"
"5764434","BSH1080"
"5764433","BSH1075"
"5764432","BSH1070"
"5764431","BSH1065"
"5764430","BSH1060"
"5764429","BSH1055"
"5764428","BSH1050"
"5764427","BSH1046"
"5764426","BSH1043"
"5764425","BSH10388"
"5764424","BSH1038"
"5764423","BSH10363"
"5764422","BSH1036"
"5764421","BSH10350"
"5764420","BSH1035"
"5764419","BSH10338"
"5764418","BSH10325"
"5764417","BSH1032"
"5764416","BSH10319"
"5764415","BSH10313"
"5764414","BSH10306"
"5764413","BSH10300"
"5764412","BSH1030"
"5764411","BSH10288"
"5764410","BSH10281"
"5764409","BSH1027"
"5764408","BSH10269"
"5764407","BSH10263"
"5764406","BSH10250"
"5764405","BSH10244"
"5764404","BSH1024"
"5764403","BSH10238"
"5764402","BSH10231"
"5764401","BSH10225"
"5764400","BSH10219"
"5764399","BSH10213"
"5764398","BSH10206"
"5764397","BSH10200"
"5764396","BSH10194"
"5764395","BSH1019"
"5764394","BSH10188"
"5764393","BSH10175"
"5764392","BSH10163"
"5764391","BSH10156"
"5764390","BSH10144"
"5764389","BSH10131"
"5764388","BSH10125"
"5764387","BSH10100"
"5764386","BSH10094"
"5764385","BSH10088"
"5764384","BRP-606"
"5764383","BRP-306"
"5764382","BRP-106L"
"5764381","BRP-106C"
"5764380","BRC-46"
"5764379","BRC-25"
"5764378","BRC-106"
"5764377","BRCAP"
"5764376","BR200"
"5764375","BR150"
"5764374","BLTWS"
"5764373","BLTWL"
"5764372","BLS-2006"
"5764371","BLS-1506"
"5764370","BLS-1006"
"5764369","BLS-506"
"5764368","BHP-5751G"
"5764367","BHP-3751G"
"5764366","BHP-2751G"
"5764365","BHP-1772"
"5764364","BHP-1762"
"5764363","BHP-1752"
"5764362","BHP-582"
"5764361","BHP-580"
"5764360","BHP-562"
"5764359","BHP-561GEE"
"5764358","BHP-561GCE"
"5764357","BHP-561GCB"
"5764356","BHP-561GEB"
"5764355","BHP--561GA"
"5764354","BHP-561G"
"5764353","BHP-552"
"5764352","BHP-551G"
"5764351","BHP-382"
"5764350","BHP-380"
"5764349","BHP-362"
"5764348","BHP-361GCE"
"5764347","BHP-361GCB"
"5764346","BHP-361GEE"
"5764345","BHP-361GEB"
"5764344","BHP-361GA"
"5764343","BHP-361G"
"5764342","BHP-352"
"5764341","BHP-351G"
"5764340","BHP-282"
"5764339","BHP-280"
"5764338","BHP-262"
"5764337","BHP-261GCE"
"5764336","BHP-261GCB"
"5764335","BHP-261GEE"
"5764334","BHP-261GEB"
"5764333","BHP-261GA"
"5764332","BHP-261G"
"5764331","BHP-252"
"5764330","BHP-251G"
"5764329","BHP-181"
"5764328","BHP-180"
"5764327","BHP-162CE"
"5764326","BHP-162CB"
"5764325","BHP-162EE"
"5764324","BHP-162EB"
"5764323","BHP-162A"
"5764322","BHP-162"
"5764321","BHP-152"
"5764320","BHCAP"
"5764319","BH200"
"5764318","BH150"
"5764317","BH-102"
"5764316","BFZ-16421"
"5764315","BFZ-16411"
"5764314","BFZ-16324"
"5764313","BFZ-16323"
"5764312","BFZ-16312"
"5764311","BFZ-16301"
"5764310","BFZ-1630"
"5764309","BA15025BSPM"
"5764308","B200"
"5764307","B150B"
"5764306","B150"
"5764305","AW-102"
"5764304","AW-53"
"5764303","AW-51"
"5764302","ATP-1500"
"5764301","ATM-9"
"5764300","ATM-4"
"5764299","ATM-2"
"5764298","AR-630"
"5764297","AR-400"
"5764296","AOT-250"
"5764295","AOT-110"
"5764294","AOT-60"
"5764293","AOT-30"
"5764292","AOT-15"
"5764291","AM-41"
"5764290","AM-21"
"5764289","AH-630"
"5764288","AH-604"
"5764287","AD-193"
"5764286","AD-192"
"5764285","AD-191"
"5764284","AD-183"
"5764283","AD-182"
"5764282","AD-181"
"5764281","AD-175"
"5764280","AD-173"
"5764279","AD-172"
"5764278","AD-171"
"5764277","AD-153"
"5764276","AD-152"
"5764275","AD-151"
"5764274","AD-150"
"5764273","AD-143"
"5764272","AD-142"
"5764271","AD-141"
"5764270","A-1034"
"5764269","A-650"
"5764268","A-630"
"5764267","A-629"
"5764266","A-607"
"5764265","A-604"
"5764264","A-595"
"5764263","A-558"
"5764262","A-557"
"5764261","A-545"
"5764260","A-544"
"5764259","A-539"
"5764258","A-532"
"5764257","A-531"
"5764256","A-530"
"5764255","A-330"
"5764254","A-310"
"5764253","A-305"
"5764252","A-285"
"5764251","A-258"
"5764250","A-252G"
"5764249","A-243"
"5764248","A-242"
"5764247","A-241"
"5764246","A-240"
"5764245","A-239"
"5764244","A-238"
"5764243","A-220"
"5764242","A-218"
"5764241","A-210"
"5764240","A-205"
"5764239","A-200R"
"5764238","A-200"
"5764237","A-192"
"5764236","A-185"
"5764235","A-183"
"5764234","A-175"
"5764233","A-152G"
"5764232","A-150"
"5764231","A-141"
"5764230","A-136"
"5764229","A-134"
"5764228","A-132"
"5764227","A-130"
"5764226","A-129"
"5764225","A-128"
"5764224","A-110"
"5764223","A-102G"
"5764222","A-102F"
"5764221","A-92"
"5764220","A-66"
"5764219","A-65"
"5764218","A-64"
"5764217","A-53G"
"5764216","A-53F"
"5764215","A-29"
"5764214","A-28"
"5764213","A-27"
"5764212","A-25"
"5764211","A-23"
"5764210","A-21"
"5764209","A-20"
"5764208","A-19"
"5764207","A-18"
"5764206","A-16"
"5764205","A-15"
"5764204","A-14"
"5764203","A-13"
"5764202","A-12"
"5764201","A-10"
"5764200","A-8"
"5764199","A-6"
"5764198","A-5"
"5764197","83011"
"5764196","72750"
"5764195","45136"
"5764194","45126"
"5764193","45116"
"5764192","43704"
"5764191","43701"
"5764190","43600"
"5764189","43400"
"5764188","43301"
"5764187","43300"
"5764186","43200"
"5764185","43001"
"5764184","41366"
"5764183","41266"
"5764182","41246"
"5764181","41166"
"5764180","41146"
"5764179","403325"
"5764178","403220"
"5764177","403180"
"5764176","403165"
"5764175","403140"
"5764174","402000"
"5764173","401840"
"5764172","401685"
"5764171","401670"
"5764170","401660"
"5764169","401655"
"5764168","401652"
"5764167","401520"
"5764166","401200"
"5764165","401180"
"5764164","401020"
"5764163","401005"
"5764162","401000"
"5764161","400990"
"5764160","400988"
"5764159","400986"
"5764158","400980"
"5764157","400960"
"5764156","400950"
"5764155","400940"
"5764154","400930"
"5764153","400900"
"5764152","400880"
"5764151","400850"
"5764150","400740"
"5764149","305403"
"5764148","305365"
"5764147","305360"
"5764145","11400"
"5764144","11100"
"5764143","270S-250"
"5764142","270A-225"
"5764141","270A-200"
"5764140","270A-188"
"5764139","270A-175"
"5764138","270A-163"
"5764137","270A-150"
"5764136","270A-70"
"5764135","270A-65"
"5764134","270A-60"
"5764133","270A-55"
"5764132","270A-50"
"5764131","270A-46"
"5764130","270A-41"
"5764129","270A-36"
"5764128","160S-150"
"5764127","160A-175"
"5764126","160A-163"
"5764125","160A-150"
"5764124","160A-138"
"5764123","160A-125"
"5764122","160A-46"
"5764121","160A-41"
"5764120","160A-36"
"5764119","160A-32"
"5764118","160A-30"
"5764117","100S-150"
"5764116","100A-150"
"5764115","100A-138"
"5764114","100A-125"
"5764113","100A-113"
"5764112","100A-100"
"5764111","100A-088"
"5764110","100A-36"
"5764109","100A-32"
"5764108","100A-30"
"5764107","100A-27"
"5764106","100A-24"
"5764105","100A-22"
"5764104","75S-150"
"5764103","75A-125"
"5764102","75A-113"
"5764101","75A-100"
"5764100","75A-088"
"5764099","75A-075"
"5764098","75A-063"
"5764097","75A-32"
"5764096","75A-30"
"5764095","75A-27"
"5764094","75A-24"
"5764093","75A-22"
"5764092","75A-19"
"5764091","75A-17"
"5764090","50S-100"
"5764089","50A-125"
"5764088","50A-113"
"5764087","50A-100"
"5764086","50A-088"
"5764085","50A-075"
"5764084","50A-063"
"5764083","50A-32"
"5764082","50A-30"
"5764081","50A-27"
"5764080","50A-24"
"5764079","50A-22"
"5764078","50A-19"
"5764077","50A-17"
"5764076","25S-075"
"5764075","25A-100"
"5764074","25A-088"
"5764073","25A-075"
"5764072","25A-063"
"5764071","25A-050"
"5764070","25A-24"
"5764069","25A-22"
"5764068","25A-19"
"5764067","25A-17"
"5764066","25A-14"
"5764065","1537R"
"5764064","1534R"
"5764063","1533R"
"5764062","1531R"
